Ticker,Ticker2,Correlation
ADANIENT,ADANIENT,1.0
ADANIPORTS,ADANIENT,0.84580646
APOLLOHOSP,ADANIENT,0.594806671
ASIANPAINT,ADANIENT,-0.186478845
AXISBANK,ADANIENT,0.537048215
BAJAJ-AUTO,ADANIENT,0.634550753
BAJAJFINSV,ADANIENT,0.080112622
BAJFINANCE,ADANIENT,-0.437308755
BEL,ADANIENT,0.597634493
BHARTIARTL,ADANIENT,0.482298132
BPCL,ADANIENT,0.759587108
BRITANNIA,ADANIENT,0.447274203
CIPLA,ADANIENT,0.654769437
COALINDIA,ADANIENT,0.762159692
DRREDDY,ADANIENT,0.568855075
EICHERMOT,ADANIENT,0.480596158
GRASIM,ADANIENT,0.507492828
HCLTECH,ADANIENT,0.440868865
HDFCBANK,ADANIENT,0.045732274
HDFCLIFE,ADANIENT,-0.129851535
HEROMOTOCO,ADANIENT,0.722860382
HINDALCO,ADANIENT,0.538512728
HINDUNILVR,ADANIENT,-0.023991323
ICICIBANK,ADANIENT,0.496329023
INDUSINDBK,ADANIENT,0.141291115
INFY,ADANIENT,0.333241523
ITC,ADANIENT,0.011337919
JSWSTEEL,ADANIENT,0.500641765
KOTAKBANK,ADANIENT,0.102311259
LT,ADANIENT,0.811118074
M&M,ADANIENT,0.458802115
MARUTI,ADANIENT,0.576768942
NESTLEIND,ADANIENT,0.484727492
NTPC,ADANIENT,0.684552598
ONGC,ADANIENT,0.705151288
POWERGRID,ADANIENT,0.662056006
RELIANCE,ADANIENT,0.848927867
SBILIFE,ADANIENT,0.379075848
SBIN,ADANIENT,0.699864777
SHRIRAMFIN,ADANIENT,0.469427818
SUNPHARMA,ADANIENT,0.555206053
TATACONSUM,ADANIENT,0.783298607
TATAMOTORS,ADANIENT,0.783964958
TATASTEEL,ADANIENT,0.732032711
TCS,ADANIENT,0.601374844
TECHM,ADANIENT,0.306188359
TITAN,ADANIENT,0.457117997
TRENT,ADANIENT,0.436790278
ULTRACEMCO,ADANIENT,0.590462071
WIPRO,ADANIENT,0.609773991
ADANIENT,ADANIPORTS,0.84580646
ADANIPORTS,ADANIPORTS,1.0
APOLLOHOSP,ADANIPORTS,0.815085452
ASIANPAINT,ADANIPORTS,-0.24651975
AXISBANK,ADANIPORTS,0.770206961
BAJAJ-AUTO,ADANIPORTS,0.887717997
BAJAJFINSV,ADANIPORTS,0.215085481
BAJFINANCE,ADANIPORTS,-0.48612778
BEL,ADANIPORTS,0.900377104
BHARTIARTL,ADANIPORTS,0.819970477
BPCL,ADANIPORTS,0.941067849
BRITANNIA,ADANIPORTS,0.729383069
CIPLA,ADANIPORTS,0.893969644
COALINDIA,ADANIPORTS,0.958840122
DRREDDY,ADANIPORTS,0.833251824
EICHERMOT,ADANIPORTS,0.809143193
GRASIM,ADANIPORTS,0.859428648
HCLTECH,ADANIPORTS,0.628888616
HDFCBANK,ADANIPORTS,0.316019929
HDFCLIFE,ADANIPORTS,0.169770051
HEROMOTOCO,ADANIPORTS,0.927167255
HINDALCO,ADANIPORTS,0.804026435
HINDUNILVR,ADANIPORTS,0.23891257
ICICIBANK,ADANIPORTS,0.831920596
INDUSINDBK,ADANIPORTS,-0.195635123
INFY,ADANIPORTS,0.60450654
ITC,ADANIPORTS,0.33437199
JSWSTEEL,ADANIPORTS,0.76775078
KOTAKBANK,ADANIPORTS,0.100026739
LT,ADANIPORTS,0.854855717
M&M,ADANIPORTS,0.802966502
MARUTI,ADANIPORTS,0.783546204
NESTLEIND,ADANIPORTS,0.357642916
NTPC,ADANIPORTS,0.927943986
ONGC,ADANIPORTS,0.932967814
POWERGRID,ADANIPORTS,0.942615509
RELIANCE,ADANIPORTS,0.89979351
SBILIFE,ADANIPORTS,0.681708919
SBIN,ADANIPORTS,0.925260666
SHRIRAMFIN,ADANIPORTS,0.793996811
SUNPHARMA,ADANIPORTS,0.833257692
TATACONSUM,ADANIPORTS,0.823057279
TATAMOTORS,ADANIPORTS,0.91652255
TATASTEEL,ADANIPORTS,0.834255271
TCS,ADANIPORTS,0.81748244
TECHM,ADANIPORTS,0.659344436
TITAN,ADANIPORTS,0.215162398
TRENT,ADANIPORTS,0.779358348
ULTRACEMCO,ADANIPORTS,0.855520935
WIPRO,ADANIPORTS,0.798804124
ADANIENT,APOLLOHOSP,0.594806671
ADANIPORTS,APOLLOHOSP,0.815085452
APOLLOHOSP,APOLLOHOSP,1.0
ASIANPAINT,APOLLOHOSP,-0.157872092
AXISBANK,APOLLOHOSP,0.607392179
BAJAJ-AUTO,APOLLOHOSP,0.8937533
BAJAJFINSV,APOLLOHOSP,0.509149567
BAJFINANCE,APOLLOHOSP,-0.410891761
BEL,APOLLOHOSP,0.752138574
BHARTIARTL,APOLLOHOSP,0.865525104
BPCL,APOLLOHOSP,0.872683539
BRITANNIA,APOLLOHOSP,0.761879692
CIPLA,APOLLOHOSP,0.895505596
COALINDIA,APOLLOHOSP,0.800067116
DRREDDY,APOLLOHOSP,0.857217757
EICHERMOT,APOLLOHOSP,0.720422216
GRASIM,APOLLOHOSP,0.807365446
HCLTECH,APOLLOHOSP,0.912644575
HDFCBANK,APOLLOHOSP,0.4292884
HDFCLIFE,APOLLOHOSP,0.483689449
HEROMOTOCO,APOLLOHOSP,0.813079808
HINDALCO,APOLLOHOSP,0.721500782
HINDUNILVR,APOLLOHOSP,0.38817311
ICICIBANK,APOLLOHOSP,0.853108332
INDUSINDBK,APOLLOHOSP,-0.447425457
INFY,APOLLOHOSP,0.843184326
ITC,APOLLOHOSP,0.530459273
JSWSTEEL,APOLLOHOSP,0.800106177
KOTAKBANK,APOLLOHOSP,0.2347336
LT,APOLLOHOSP,0.712629124
M&M,APOLLOHOSP,0.758609781
MARUTI,APOLLOHOSP,0.563828092
NESTLEIND,APOLLOHOSP,0.167141077
NTPC,APOLLOHOSP,0.901042715
ONGC,APOLLOHOSP,0.795543103
POWERGRID,APOLLOHOSP,0.830933909
RELIANCE,APOLLOHOSP,0.645385926
SBILIFE,APOLLOHOSP,0.817297874
SBIN,APOLLOHOSP,0.739884961
SHRIRAMFIN,APOLLOHOSP,0.900181696
SUNPHARMA,APOLLOHOSP,0.94802601
TATACONSUM,APOLLOHOSP,0.668899112
TATAMOTORS,APOLLOHOSP,0.687952257
TATASTEEL,APOLLOHOSP,0.520928616
TCS,APOLLOHOSP,0.861909553
TECHM,APOLLOHOSP,0.849916588
TITAN,APOLLOHOSP,0.26891992
TRENT,APOLLOHOSP,0.877633029
ULTRACEMCO,APOLLOHOSP,0.830026973
WIPRO,APOLLOHOSP,0.906900067
ADANIENT,ASIANPAINT,-0.186478845
ADANIPORTS,ASIANPAINT,-0.24651975
APOLLOHOSP,ASIANPAINT,-0.157872092
ASIANPAINT,ASIANPAINT,1.0
AXISBANK,ASIANPAINT,0.000970626
BAJAJ-AUTO,ASIANPAINT,-0.162563246
BAJAJFINSV,ASIANPAINT,0.46344383
BAJFINANCE,ASIANPAINT,0.60942709
BEL,ASIANPAINT,-0.246262665
BHARTIARTL,ASIANPAINT,-0.178032619
BPCL,ASIANPAINT,-0.252439681
BRITANNIA,ASIANPAINT,0.244527985
CIPLA,ASIANPAINT,-0.201212243
COALINDIA,ASIANPAINT,-0.20012594
DRREDDY,ASIANPAINT,-0.066455105
EICHERMOT,ASIANPAINT,-0.166483957
GRASIM,ASIANPAINT,-0.128088457
HCLTECH,ASIANPAINT,-0.084115324
HDFCBANK,ASIANPAINT,0.298623142
HDFCLIFE,ASIANPAINT,0.383915117
HEROMOTOCO,ASIANPAINT,-0.134135613
HINDALCO,ASIANPAINT,-0.08313927
HINDUNILVR,ASIANPAINT,0.609737065
ICICIBANK,ASIANPAINT,-0.211488342
INDUSINDBK,ASIANPAINT,0.441990872
INFY,ASIANPAINT,0.106584417
ITC,ASIANPAINT,0.4608872
JSWSTEEL,ASIANPAINT,-0.060194283
KOTAKBANK,ASIANPAINT,0.575571426
LT,ASIANPAINT,-0.140669429
M&M,ASIANPAINT,-0.212399036
MARUTI,ASIANPAINT,-0.299957022
NESTLEIND,ASIANPAINT,0.332442266
NTPC,ASIANPAINT,-0.14794419
ONGC,ASIANPAINT,-0.239636093
POWERGRID,ASIANPAINT,-0.266174449
RELIANCE,ASIANPAINT,-0.221455517
SBILIFE,ASIANPAINT,0.206655096
SBIN,ASIANPAINT,-0.426789545
SHRIRAMFIN,ASIANPAINT,-0.030135909
SUNPHARMA,ASIANPAINT,-0.210303635
TATACONSUM,ASIANPAINT,-0.005592685
TATAMOTORS,ASIANPAINT,-0.247490702
TATASTEEL,ASIANPAINT,-0.35743332
TCS,ASIANPAINT,-0.038384118
TECHM,ASIANPAINT,-0.030904543
TITAN,ASIANPAINT,0.370941672
TRENT,ASIANPAINT,-0.09311834
ULTRACEMCO,ASIANPAINT,0.017379065
WIPRO,ASIANPAINT,-0.230921469
ADANIENT,AXISBANK,0.537048215
ADANIPORTS,AXISBANK,0.770206961
APOLLOHOSP,AXISBANK,0.607392179
ASIANPAINT,AXISBANK,0.000970626
AXISBANK,AXISBANK,1.0
BAJAJ-AUTO,AXISBANK,0.742849691
BAJAJFINSV,AXISBANK,0.334558016
BAJFINANCE,AXISBANK,-0.155249509
BEL,AXISBANK,0.863011468
BHARTIARTL,AXISBANK,0.767627354
BPCL,AXISBANK,0.674179615
BRITANNIA,AXISBANK,0.795816648
CIPLA,AXISBANK,0.695299963
COALINDIA,AXISBANK,0.737841536
DRREDDY,AXISBANK,0.643701242
EICHERMOT,AXISBANK,0.839800586
GRASIM,AXISBANK,0.848108109
HCLTECH,AXISBANK,0.453107059
HDFCBANK,AXISBANK,0.63465757
HDFCLIFE,AXISBANK,0.258352731
HEROMOTOCO,AXISBANK,0.836953152
HINDALCO,AXISBANK,0.834663521
HINDUNILVR,AXISBANK,0.474329996
ICICIBANK,AXISBANK,0.819640692
INDUSINDBK,AXISBANK,-0.205323701
INFY,AXISBANK,0.540265934
ITC,AXISBANK,0.464063994
JSWSTEEL,AXISBANK,0.811116862
KOTAKBANK,AXISBANK,0.275503117
LT,AXISBANK,0.653209135
M&M,AXISBANK,0.822275058
MARUTI,AXISBANK,0.596535442
NESTLEIND,AXISBANK,0.32696593
NTPC,AXISBANK,0.769117018
ONGC,AXISBANK,0.663991441
POWERGRID,AXISBANK,0.820524435
RELIANCE,AXISBANK,0.649850408
SBILIFE,AXISBANK,0.600854791
SBIN,AXISBANK,0.772675221
SHRIRAMFIN,AXISBANK,0.740759334
SUNPHARMA,AXISBANK,0.62085434
TATACONSUM,AXISBANK,0.531075651
TATAMOTORS,AXISBANK,0.596831035
TATASTEEL,AXISBANK,0.709667924
TCS,AXISBANK,0.59647136
TECHM,AXISBANK,0.681483065
TITAN,AXISBANK,0.002642902
TRENT,AXISBANK,0.735466314
ULTRACEMCO,AXISBANK,0.867693854
WIPRO,AXISBANK,0.674542527
ADANIENT,BAJAJ-AUTO,0.634550753
ADANIPORTS,BAJAJ-AUTO,0.887717997
APOLLOHOSP,BAJAJ-AUTO,0.8937533
ASIANPAINT,BAJAJ-AUTO,-0.162563246
AXISBANK,BAJAJ-AUTO,0.742849691
BAJAJ-AUTO,BAJAJ-AUTO,1.0
BAJAJFINSV,BAJAJ-AUTO,0.516364714
BAJFINANCE,BAJAJ-AUTO,-0.322936749
BEL,BAJAJ-AUTO,0.872666624
BHARTIARTL,BAJAJ-AUTO,0.951009914
BPCL,BAJAJ-AUTO,0.924263269
BRITANNIA,BAJAJ-AUTO,0.828766883
CIPLA,BAJAJ-AUTO,0.951692014
COALINDIA,BAJAJ-AUTO,0.896068181
DRREDDY,BAJAJ-AUTO,0.834473834
EICHERMOT,BAJAJ-AUTO,0.847652447
GRASIM,BAJAJ-AUTO,0.9023198
HCLTECH,BAJAJ-AUTO,0.751969883
HDFCBANK,BAJAJ-AUTO,0.453886291
HDFCLIFE,BAJAJ-AUTO,0.383915956
HEROMOTOCO,BAJAJ-AUTO,0.931282081
HINDALCO,BAJAJ-AUTO,0.868757341
HINDUNILVR,BAJAJ-AUTO,0.424006715
ICICIBANK,BAJAJ-AUTO,0.920296036
INDUSINDBK,BAJAJ-AUTO,-0.348109106
INFY,BAJAJ-AUTO,0.72627912
ITC,BAJAJ-AUTO,0.520786103
JSWSTEEL,BAJAJ-AUTO,0.883736704
KOTAKBANK,BAJAJ-AUTO,0.17060042
LT,BAJAJ-AUTO,0.746204717
M&M,BAJAJ-AUTO,0.893160261
MARUTI,BAJAJ-AUTO,0.793629742
NESTLEIND,BAJAJ-AUTO,0.29611075
NTPC,BAJAJ-AUTO,0.956263205
ONGC,BAJAJ-AUTO,0.850436611
POWERGRID,BAJAJ-AUTO,0.931857552
RELIANCE,BAJAJ-AUTO,0.728359469
SBILIFE,BAJAJ-AUTO,0.821833059
SBIN,BAJAJ-AUTO,0.851752907
SHRIRAMFIN,BAJAJ-AUTO,0.937393352
SUNPHARMA,BAJAJ-AUTO,0.9455713
TATACONSUM,BAJAJ-AUTO,0.711379517
TATAMOTORS,BAJAJ-AUTO,0.786309113
TATASTEEL,BAJAJ-AUTO,0.745495897
TCS,BAJAJ-AUTO,0.82260546
TECHM,BAJAJ-AUTO,0.801832202
TITAN,BAJAJ-AUTO,0.199710408
TRENT,BAJAJ-AUTO,0.936382715
ULTRACEMCO,BAJAJ-AUTO,0.860869141
WIPRO,BAJAJ-AUTO,0.816422691
ADANIENT,BAJAJFINSV,0.080112622
ADANIPORTS,BAJAJFINSV,0.215085481
APOLLOHOSP,BAJAJFINSV,0.509149567
ASIANPAINT,BAJAJFINSV,0.46344383
AXISBANK,BAJAJFINSV,0.334558016
BAJAJ-AUTO,BAJAJFINSV,0.516364714
BAJAJFINSV,BAJAJFINSV,1.0
BAJFINANCE,BAJAJFINSV,0.385475601
BEL,BAJAJFINSV,0.24828794
BHARTIARTL,BAJAJFINSV,0.517992918
BPCL,BAJAJFINSV,0.32378312
BRITANNIA,BAJAJFINSV,0.609396575
CIPLA,BAJAJFINSV,0.406703809
COALINDIA,BAJAJFINSV,0.229484612
DRREDDY,BAJAJFINSV,0.376977195
EICHERMOT,BAJAJFINSV,0.354211702
GRASIM,BAJAJFINSV,0.433513116
HCLTECH,BAJAJFINSV,0.567612904
HDFCBANK,BAJAJFINSV,0.579713859
HDFCLIFE,BAJAJFINSV,0.698351885
HEROMOTOCO,BAJAJFINSV,0.344492716
HINDALCO,BAJAJFINSV,0.447122055
HINDUNILVR,BAJAJFINSV,0.643658245
ICICIBANK,BAJAJFINSV,0.489161881
INDUSINDBK,BAJAJFINSV,-0.154909179
INFY,BAJAJFINSV,0.594744822
ITC,BAJAJFINSV,0.705144027
JSWSTEEL,BAJAJFINSV,0.58552994
KOTAKBANK,BAJAJFINSV,0.533760472
LT,BAJAJFINSV,0.278012876
M&M,BAJAJFINSV,0.400052822
MARUTI,BAJAJFINSV,0.201553836
NESTLEIND,BAJAJFINSV,0.198499746
NTPC,BAJAJFINSV,0.459746658
ONGC,BAJAJFINSV,0.182560095
POWERGRID,BAJAJFINSV,0.297133191
RELIANCE,BAJAJFINSV,0.042375282
SBILIFE,BAJAJFINSV,0.689048533
SBIN,BAJAJFINSV,0.126642606
SHRIRAMFIN,BAJAJFINSV,0.618333114
SUNPHARMA,BAJAJFINSV,0.518523118
TATACONSUM,BAJAJFINSV,0.193070114
TATAMOTORS,BAJAJFINSV,0.088077096
TATASTEEL,BAJAJFINSV,0.066393742
TCS,BAJAJFINSV,0.416617984
TECHM,BAJAJFINSV,0.564844058
TITAN,BAJAJFINSV,0.357228675
TRENT,BAJAJFINSV,0.575921467
ULTRACEMCO,BAJAJFINSV,0.448904636
WIPRO,BAJAJFINSV,0.383862096
ADANIENT,BAJFINANCE,-0.437308755
ADANIPORTS,BAJFINANCE,-0.48612778
APOLLOHOSP,BAJFINANCE,-0.410891761
ASIANPAINT,BAJFINANCE,0.60942709
AXISBANK,BAJFINANCE,-0.155249509
BAJAJ-AUTO,BAJFINANCE,-0.322936749
BAJAJFINSV,BAJFINANCE,0.385475601
BAJFINANCE,BAJFINANCE,1.0
BEL,BAJFINANCE,-0.353268317
BHARTIARTL,BAJFINANCE,-0.280085912
BPCL,BAJFINANCE,-0.553193111
BRITANNIA,BAJFINANCE,-0.099784306
CIPLA,BAJFINANCE,-0.416787367
COALINDIA,BAJFINANCE,-0.511341485
DRREDDY,BAJFINANCE,-0.436259087
EICHERMOT,BAJFINANCE,-0.302316924
GRASIM,BAJFINANCE,-0.286397225
HCLTECH,BAJFINANCE,-0.345506685
HDFCBANK,BAJFINANCE,0.250851225
HDFCLIFE,BAJFINANCE,0.154158439
HEROMOTOCO,BAJFINANCE,-0.375013119
HINDALCO,BAJFINANCE,-0.201774656
HINDUNILVR,BAJFINANCE,0.279955433
ICICIBANK,BAJFINANCE,-0.302548116
INDUSINDBK,BAJFINANCE,0.290751563
INFY,BAJFINANCE,-0.226029828
ITC,BAJFINANCE,0.202960578
JSWSTEEL,BAJFINANCE,-0.15567042
KOTAKBANK,BAJFINANCE,0.378103121
LT,BAJFINANCE,-0.325635745
M&M,BAJFINANCE,-0.258044736
MARUTI,BAJFINANCE,-0.30729597
NESTLEIND,BAJFINANCE,0.026872088
NTPC,BAJFINANCE,-0.400142259
ONGC,BAJFINANCE,-0.531657933
POWERGRID,BAJFINANCE,-0.454651084
RELIANCE,BAJFINANCE,-0.473331491
SBILIFE,BAJFINANCE,-0.154123357
SBIN,BAJFINANCE,-0.517512809
SHRIRAMFIN,BAJFINANCE,-0.204817706
SUNPHARMA,BAJFINANCE,-0.418315089
TATACONSUM,BAJFINANCE,-0.422036983
TATAMOTORS,BAJFINANCE,-0.532979983
TATASTEEL,BAJFINANCE,-0.336864523
TCS,BAJFINANCE,-0.415927978
TECHM,BAJFINANCE,-0.219030096
TITAN,BAJFINANCE,0.038963067
TRENT,BAJFINANCE,-0.267962633
ULTRACEMCO,BAJFINANCE,-0.261171636
WIPRO,BAJFINANCE,-0.43476574
ADANIENT,BEL,0.597634493
ADANIPORTS,BEL,0.900377104
APOLLOHOSP,BEL,0.752138574
ASIANPAINT,BEL,-0.246262665
AXISBANK,BEL,0.863011468
BAJAJ-AUTO,BEL,0.872666624
BAJAJFINSV,BEL,0.24828794
BAJFINANCE,BEL,-0.353268317
BEL,BEL,1.0
BHARTIARTL,BEL,0.904269754
BPCL,BEL,0.839831222
BRITANNIA,BEL,0.796570303
CIPLA,BEL,0.86083389
COALINDIA,BEL,0.889724887
DRREDDY,BEL,0.780023793
EICHERMOT,BEL,0.935374535
GRASIM,BEL,0.945538797
HCLTECH,BEL,0.566125085
HDFCBANK,BEL,0.538497438
HDFCLIFE,BEL,0.300118447
HEROMOTOCO,BEL,0.900283307
HINDALCO,BEL,0.904585462
HINDUNILVR,BEL,0.382344935
ICICIBANK,BEL,0.908998699
INDUSINDBK,BEL,-0.415287879
INFY,BEL,0.618484459
ITC,BEL,0.476032456
JSWSTEEL,BEL,0.873037131
KOTAKBANK,BEL,0.113773167
LT,BEL,0.729187691
M&M,BEL,0.94932351
MARUTI,BEL,0.770721866
NESTLEIND,BEL,0.159640531
NTPC,BEL,0.905960804
ONGC,BEL,0.850690857
POWERGRID,BEL,0.957863666
RELIANCE,BEL,0.723472192
SBILIFE,BEL,0.682444019
SBIN,BEL,0.92534871
SHRIRAMFIN,BEL,0.841850924
SUNPHARMA,BEL,0.804529726
TATACONSUM,BEL,0.603617905
TATAMOTORS,BEL,0.761130847
TATASTEEL,BEL,0.811677038
TCS,BEL,0.723380717
TECHM,BEL,0.77700371
TITAN,BEL,-0.093156266
TRENT,BEL,0.863241918
ULTRACEMCO,BEL,0.894776831
WIPRO,BEL,0.751017121
ADANIENT,BHARTIARTL,0.482298132
ADANIPORTS,BHARTIARTL,0.819970477
APOLLOHOSP,BHARTIARTL,0.865525104
ASIANPAINT,BHARTIARTL,-0.178032619
AXISBANK,BHARTIARTL,0.767627354
BAJAJ-AUTO,BHARTIARTL,0.951009914
BAJAJFINSV,BHARTIARTL,0.517992918
BAJFINANCE,BHARTIARTL,-0.280085912
BEL,BHARTIARTL,0.904269754
BHARTIARTL,BHARTIARTL,1.0
BPCL,BHARTIARTL,0.84921228
BRITANNIA,BHARTIARTL,0.856598758
CIPLA,BHARTIARTL,0.899716584
COALINDIA,BHARTIARTL,0.829430424
DRREDDY,BHARTIARTL,0.806901571
EICHERMOT,BHARTIARTL,0.895839497
GRASIM,BHARTIARTL,0.942273536
HCLTECH,BHARTIARTL,0.745889442
HDFCBANK,BHARTIARTL,0.587043158
HDFCLIFE,BHARTIARTL,0.491453634
HEROMOTOCO,BHARTIARTL,0.877966985
HINDALCO,BHARTIARTL,0.907002238
HINDUNILVR,BHARTIARTL,0.489788508
ICICIBANK,BHARTIARTL,0.966673626
INDUSINDBK,BHARTIARTL,-0.54178328
INFY,BHARTIARTL,0.765812761
ITC,BHARTIARTL,0.623880545
JSWSTEEL,BHARTIARTL,0.926815377
KOTAKBANK,BHARTIARTL,0.17006239
LT,BHARTIARTL,0.655301874
M&M,BHARTIARTL,0.952157014
MARUTI,BHARTIARTL,0.726138751
NESTLEIND,BHARTIARTL,0.083065089
NTPC,BHARTIARTL,0.940136116
ONGC,BHARTIARTL,0.791537124
POWERGRID,BHARTIARTL,0.922191773
RELIANCE,BHARTIARTL,0.5863838
SBILIFE,BHARTIARTL,0.810911592
SBIN,BHARTIARTL,0.832021987
SHRIRAMFIN,BHARTIARTL,0.956799357
SUNPHARMA,BHARTIARTL,0.932369597
TATACONSUM,BHARTIARTL,0.552206871
TATAMOTORS,BHARTIARTL,0.662700308
TATASTEEL,BHARTIARTL,0.673596683
TCS,BHARTIARTL,0.766584015
TECHM,BHARTIARTL,0.89626086
TITAN,BHARTIARTL,-0.009407435
TRENT,BHARTIARTL,0.976263678
ULTRACEMCO,BHARTIARTL,0.869262957
WIPRO,BHARTIARTL,0.802270121
ADANIENT,BPCL,0.759587108
ADANIPORTS,BPCL,0.941067849
APOLLOHOSP,BPCL,0.872683539
ASIANPAINT,BPCL,-0.252439681
AXISBANK,BPCL,0.674179615
BAJAJ-AUTO,BPCL,0.924263269
BAJAJFINSV,BPCL,0.32378312
BAJFINANCE,BPCL,-0.553193111
BEL,BPCL,0.839831222
BHARTIARTL,BPCL,0.84921228
BPCL,BPCL,1.0
BRITANNIA,BPCL,0.722938527
CIPLA,BPCL,0.930965554
COALINDIA,BPCL,0.961071005
DRREDDY,BPCL,0.871425489
EICHERMOT,BPCL,0.800623898
GRASIM,BPCL,0.845459846
HCLTECH,BPCL,0.70819211
HDFCBANK,BPCL,0.25346798
HDFCLIFE,BPCL,0.258440091
HEROMOTOCO,BPCL,0.903493254
HINDALCO,BPCL,0.77548909
HINDUNILVR,BPCL,0.266086649
ICICIBANK,BPCL,0.837609958
INDUSINDBK,BPCL,-0.280625068
INFY,BPCL,0.666843934
ITC,BPCL,0.357169753
JSWSTEEL,BPCL,0.773756507
KOTAKBANK,BPCL,0.028322938
LT,BPCL,0.767687266
M&M,BPCL,0.79955703
MARUTI,BPCL,0.805426863
NESTLEIND,BPCL,0.299635509
NTPC,BPCL,0.940655514
ONGC,BPCL,0.932728118
POWERGRID,BPCL,0.934624593
RELIANCE,BPCL,0.832948779
SBILIFE,BPCL,0.763766912
SBIN,BPCL,0.898237617
SHRIRAMFIN,BPCL,0.834703836
SUNPHARMA,BPCL,0.909031035
TATACONSUM,BPCL,0.793083132
TATAMOTORS,BPCL,0.89728105
TATASTEEL,BPCL,0.767670644
TCS,BPCL,0.860350367
TECHM,BPCL,0.697471497
TITAN,BPCL,0.235149206
TRENT,BPCL,0.838312551
ULTRACEMCO,BPCL,0.805300035
WIPRO,BPCL,0.807165248
ADANIENT,BRITANNIA,0.447274203
ADANIPORTS,BRITANNIA,0.729383069
APOLLOHOSP,BRITANNIA,0.761879692
ASIANPAINT,BRITANNIA,0.244527985
AXISBANK,BRITANNIA,0.795816648
BAJAJ-AUTO,BRITANNIA,0.828766883
BAJAJFINSV,BRITANNIA,0.609396575
BAJFINANCE,BRITANNIA,-0.099784306
BEL,BRITANNIA,0.796570303
BHARTIARTL,BRITANNIA,0.856598758
BPCL,BRITANNIA,0.722938527
BRITANNIA,BRITANNIA,1.0
CIPLA,BRITANNIA,0.801906009
COALINDIA,BRITANNIA,0.757286633
DRREDDY,BRITANNIA,0.792852781
EICHERMOT,BRITANNIA,0.788223234
GRASIM,BRITANNIA,0.871175581
HCLTECH,BRITANNIA,0.670267635
HDFCBANK,BRITANNIA,0.64984184
HDFCLIFE,BRITANNIA,0.5806116
HEROMOTOCO,BRITANNIA,0.837022649
HINDALCO,BRITANNIA,0.835778409
HINDUNILVR,BRITANNIA,0.779082711
ICICIBANK,BRITANNIA,0.822625807
INDUSINDBK,BRITANNIA,-0.280854567
INFY,BRITANNIA,0.808977118
ITC,BRITANNIA,0.78598944
JSWSTEEL,BRITANNIA,0.840913615
KOTAKBANK,BRITANNIA,0.446492841
LT,BRITANNIA,0.584367374
M&M,BRITANNIA,0.830313513
MARUTI,BRITANNIA,0.550923363
NESTLEIND,BRITANNIA,0.329374878
NTPC,BRITANNIA,0.845396161
ONGC,BRITANNIA,0.710257119
POWERGRID,BRITANNIA,0.80229436
RELIANCE,BRITANNIA,0.538830029
SBILIFE,BRITANNIA,0.861755505
SBIN,BRITANNIA,0.642053057
SHRIRAMFIN,BRITANNIA,0.884188
SUNPHARMA,BRITANNIA,0.785200168
TATACONSUM,BRITANNIA,0.614076844
TATAMOTORS,BRITANNIA,0.57843503
TATASTEEL,BRITANNIA,0.51148033
TCS,BRITANNIA,0.752601678
TECHM,BRITANNIA,0.840976719
TITAN,BRITANNIA,0.129958865
TRENT,BRITANNIA,0.867508968
ULTRACEMCO,BRITANNIA,0.903761391
WIPRO,BRITANNIA,0.70394274
ADANIENT,CIPLA,0.654769437
ADANIPORTS,CIPLA,0.893969644
APOLLOHOSP,CIPLA,0.895505596
ASIANPAINT,CIPLA,-0.201212243
AXISBANK,CIPLA,0.695299963
BAJAJ-AUTO,CIPLA,0.951692014
BAJAJFINSV,CIPLA,0.406703809
BAJFINANCE,CIPLA,-0.416787367
BEL,CIPLA,0.86083389
BHARTIARTL,CIPLA,0.899716584
BPCL,CIPLA,0.930965554
BRITANNIA,CIPLA,0.801906009
CIPLA,CIPLA,1.0
COALINDIA,CIPLA,0.906812921
DRREDDY,CIPLA,0.876799591
EICHERMOT,CIPLA,0.785886975
GRASIM,CIPLA,0.869837509
HCLTECH,CIPLA,0.769262787
HDFCBANK,CIPLA,0.355314747
HDFCLIFE,CIPLA,0.363246032
HEROMOTOCO,CIPLA,0.916566846
HINDALCO,CIPLA,0.782665265
HINDUNILVR,CIPLA,0.413278829
ICICIBANK,CIPLA,0.875218352
INDUSINDBK,CIPLA,-0.350309097
INFY,CIPLA,0.756670773
ITC,CIPLA,0.473804081
JSWSTEEL,CIPLA,0.806524007
KOTAKBANK,CIPLA,0.109192666
LT,CIPLA,0.735837219
M&M,CIPLA,0.856505849
MARUTI,CIPLA,0.741199759
NESTLEIND,CIPLA,0.279261473
NTPC,CIPLA,0.922394819
ONGC,CIPLA,0.884016179
POWERGRID,CIPLA,0.922897718
RELIANCE,CIPLA,0.755221677
SBILIFE,CIPLA,0.817531322
SBIN,CIPLA,0.846457512
SHRIRAMFIN,CIPLA,0.907795386
SUNPHARMA,CIPLA,0.934215085
TATACONSUM,CIPLA,0.75418792
TATAMOTORS,CIPLA,0.81191877
TATASTEEL,CIPLA,0.698085296
TCS,CIPLA,0.860713068
TECHM,CIPLA,0.791208913
TITAN,CIPLA,0.193035494
TRENT,CIPLA,0.896753906
ULTRACEMCO,CIPLA,0.853315898
WIPRO,CIPLA,0.839150032
ADANIENT,COALINDIA,0.762159692
ADANIPORTS,COALINDIA,0.958840122
APOLLOHOSP,COALINDIA,0.800067116
ASIANPAINT,COALINDIA,-0.20012594
AXISBANK,COALINDIA,0.737841536
BAJAJ-AUTO,COALINDIA,0.896068181
BAJAJFINSV,COALINDIA,0.229484612
BAJFINANCE,COALINDIA,-0.511341485
BEL,COALINDIA,0.889724887
BHARTIARTL,COALINDIA,0.829430424
BPCL,COALINDIA,0.961071005
BRITANNIA,COALINDIA,0.757286633
CIPLA,COALINDIA,0.906812921
COALINDIA,COALINDIA,1.0
DRREDDY,COALINDIA,0.866604029
EICHERMOT,COALINDIA,0.827153229
GRASIM,COALINDIA,0.863658905
HCLTECH,COALINDIA,0.598801783
HDFCBANK,COALINDIA,0.266641407
HDFCLIFE,COALINDIA,0.201022054
HEROMOTOCO,COALINDIA,0.929801262
HINDALCO,COALINDIA,0.814089488
HINDUNILVR,COALINDIA,0.312393213
ICICIBANK,COALINDIA,0.808845756
INDUSINDBK,COALINDIA,-0.191342253
INFY,COALINDIA,0.614582462
ITC,COALINDIA,0.367183725
JSWSTEEL,COALINDIA,0.759202267
KOTAKBANK,COALINDIA,0.073253518
LT,COALINDIA,0.765980175
M&M,COALINDIA,0.815949229
MARUTI,COALINDIA,0.830448927
NESTLEIND,COALINDIA,0.366522508
NTPC,COALINDIA,0.925878076
ONGC,COALINDIA,0.961233551
POWERGRID,COALINDIA,0.949245776
RELIANCE,COALINDIA,0.881009119
SBILIFE,COALINDIA,0.727951278
SBIN,COALINDIA,0.904911048
SHRIRAMFIN,COALINDIA,0.807217661
SUNPHARMA,COALINDIA,0.83906309
TATACONSUM,COALINDIA,0.823475516
TATAMOTORS,COALINDIA,0.927976699
TATASTEEL,COALINDIA,0.820365239
TCS,COALINDIA,0.819595812
TECHM,COALINDIA,0.659776551
TITAN,COALINDIA,0.174755879
TRENT,COALINDIA,0.804774286
ULTRACEMCO,COALINDIA,0.833210413
WIPRO,COALINDIA,0.745855108
ADANIENT,DRREDDY,0.568855075
ADANIPORTS,DRREDDY,0.833251824
APOLLOHOSP,DRREDDY,0.857217757
ASIANPAINT,DRREDDY,-0.066455105
AXISBANK,DRREDDY,0.643701242
BAJAJ-AUTO,DRREDDY,0.834473834
BAJAJFINSV,DRREDDY,0.376977195
BAJFINANCE,DRREDDY,-0.436259087
BEL,DRREDDY,0.780023793
BHARTIARTL,DRREDDY,0.806901571
BPCL,DRREDDY,0.871425489
BRITANNIA,DRREDDY,0.792852781
CIPLA,DRREDDY,0.876799591
COALINDIA,DRREDDY,0.866604029
DRREDDY,DRREDDY,1.0
EICHERMOT,DRREDDY,0.712611765
GRASIM,DRREDDY,0.859952653
HCLTECH,DRREDDY,0.766018386
HDFCBANK,DRREDDY,0.375200002
HDFCLIFE,DRREDDY,0.505261374
HEROMOTOCO,DRREDDY,0.79888318
HINDALCO,DRREDDY,0.676691708
HINDUNILVR,DRREDDY,0.50280904
ICICIBANK,DRREDDY,0.811025796
INDUSINDBK,DRREDDY,-0.325339462
INFY,DRREDDY,0.821554322
ITC,DRREDDY,0.553479512
JSWSTEEL,DRREDDY,0.713151025
KOTAKBANK,DRREDDY,0.197227436
LT,DRREDDY,0.64700243
M&M,DRREDDY,0.756764622
MARUTI,DRREDDY,0.66454218
NESTLEIND,DRREDDY,0.298292812
NTPC,DRREDDY,0.871829443
ONGC,DRREDDY,0.905026117
POWERGRID,DRREDDY,0.856677518
RELIANCE,DRREDDY,0.728578241
SBILIFE,DRREDDY,0.87024735
SBIN,DRREDDY,0.764081207
SHRIRAMFIN,DRREDDY,0.854978507
SUNPHARMA,DRREDDY,0.880925178
TATACONSUM,DRREDDY,0.752279585
TATAMOTORS,DRREDDY,0.810621715
TATASTEEL,DRREDDY,0.546589294
TCS,DRREDDY,0.906411251
TECHM,DRREDDY,0.783606567
TITAN,DRREDDY,0.171929476
TRENT,DRREDDY,0.828723832
ULTRACEMCO,DRREDDY,0.834741711
WIPRO,DRREDDY,0.82061188
ADANIENT,EICHERMOT,0.480596158
ADANIPORTS,EICHERMOT,0.809143193
APOLLOHOSP,EICHERMOT,0.720422216
ASIANPAINT,EICHERMOT,-0.166483957
AXISBANK,EICHERMOT,0.839800586
BAJAJ-AUTO,EICHERMOT,0.847652447
BAJAJFINSV,EICHERMOT,0.354211702
BAJFINANCE,EICHERMOT,-0.302316924
BEL,EICHERMOT,0.935374535
BHARTIARTL,EICHERMOT,0.895839497
BPCL,EICHERMOT,0.800623898
BRITANNIA,EICHERMOT,0.788223234
CIPLA,EICHERMOT,0.785886975
COALINDIA,EICHERMOT,0.827153229
DRREDDY,EICHERMOT,0.712611765
EICHERMOT,EICHERMOT,1.0
GRASIM,EICHERMOT,0.920584307
HCLTECH,EICHERMOT,0.517100608
HDFCBANK,EICHERMOT,0.605343226
HDFCLIFE,EICHERMOT,0.368514031
HEROMOTOCO,EICHERMOT,0.847301875
HINDALCO,EICHERMOT,0.921614063
HINDUNILVR,EICHERMOT,0.408935637
ICICIBANK,EICHERMOT,0.897491488
INDUSINDBK,EICHERMOT,-0.455100394
INFY,EICHERMOT,0.577518171
ITC,EICHERMOT,0.544744476
JSWSTEEL,EICHERMOT,0.900316302
KOTAKBANK,EICHERMOT,0.096989182
LT,EICHERMOT,0.648590842
M&M,EICHERMOT,0.9324235
MARUTI,EICHERMOT,0.76250247
NESTLEIND,EICHERMOT,0.104985535
NTPC,EICHERMOT,0.880530769
ONGC,EICHERMOT,0.770343754
POWERGRID,EICHERMOT,0.911030374
RELIANCE,EICHERMOT,0.598326246
SBILIFE,EICHERMOT,0.69078576
SBIN,EICHERMOT,0.867922601
SHRIRAMFIN,EICHERMOT,0.819345073
SUNPHARMA,EICHERMOT,0.777550274
TATACONSUM,EICHERMOT,0.488714971
TATAMOTORS,EICHERMOT,0.67552826
TATASTEEL,EICHERMOT,0.763391268
TCS,EICHERMOT,0.670131039
TECHM,EICHERMOT,0.766645039
TITAN,EICHERMOT,-0.112314599
TRENT,EICHERMOT,0.864714633
ULTRACEMCO,EICHERMOT,0.844360372
WIPRO,EICHERMOT,0.66356959
ADANIENT,GRASIM,0.507492828
ADANIPORTS,GRASIM,0.859428648
APOLLOHOSP,GRASIM,0.807365446
ASIANPAINT,GRASIM,-0.128088457
AXISBANK,GRASIM,0.848108109
BAJAJ-AUTO,GRASIM,0.9023198
BAJAJFINSV,GRASIM,0.433513116
BAJFINANCE,GRASIM,-0.286397225
BEL,GRASIM,0.945538797
BHARTIARTL,GRASIM,0.942273536
BPCL,GRASIM,0.845459846
BRITANNIA,GRASIM,0.871175581
CIPLA,GRASIM,0.869837509
COALINDIA,GRASIM,0.863658905
DRREDDY,GRASIM,0.859952653
EICHERMOT,GRASIM,0.920584307
GRASIM,GRASIM,1.0
HCLTECH,GRASIM,0.666122788
HDFCBANK,GRASIM,0.589055981
HDFCLIFE,GRASIM,0.470545707
HEROMOTOCO,GRASIM,0.883863982
HINDALCO,GRASIM,0.89922156
HINDUNILVR,GRASIM,0.513487567
ICICIBANK,GRASIM,0.955913902
INDUSINDBK,GRASIM,-0.449165503
INFY,GRASIM,0.741712532
ITC,GRASIM,0.611981306
JSWSTEEL,GRASIM,0.904123219
KOTAKBANK,GRASIM,0.19974341
LT,GRASIM,0.676804941
M&M,GRASIM,0.944944446
MARUTI,GRASIM,0.758344778
NESTLEIND,GRASIM,0.183711852
NTPC,GRASIM,0.92651007
ONGC,GRASIM,0.849622814
POWERGRID,GRASIM,0.946082166
RELIANCE,GRASIM,0.675604271
SBILIFE,GRASIM,0.813189973
SBIN,GRASIM,0.874564896
SHRIRAMFIN,GRASIM,0.915779824
SUNPHARMA,GRASIM,0.874052874
TATACONSUM,GRASIM,0.602998309
TATAMOTORS,GRASIM,0.73639836
TATASTEEL,GRASIM,0.719675423
TCS,GRASIM,0.795975931
TECHM,GRASIM,0.857916564
TITAN,GRASIM,-0.033242478
TRENT,GRASIM,0.924735868
ULTRACEMCO,GRASIM,0.92099795
WIPRO,GRASIM,0.795564733
ADANIENT,HCLTECH,0.440868865
ADANIPORTS,HCLTECH,0.628888616
APOLLOHOSP,HCLTECH,0.912644575
ASIANPAINT,HCLTECH,-0.084115324
AXISBANK,HCLTECH,0.453107059
BAJAJ-AUTO,HCLTECH,0.751969883
BAJAJFINSV,HCLTECH,0.567612904
BAJFINANCE,HCLTECH,-0.345506685
BEL,HCLTECH,0.566125085
BHARTIARTL,HCLTECH,0.745889442
BPCL,HCLTECH,0.70819211
BRITANNIA,HCLTECH,0.670267635
CIPLA,HCLTECH,0.769262787
COALINDIA,HCLTECH,0.598801783
DRREDDY,HCLTECH,0.766018386
EICHERMOT,HCLTECH,0.517100608
GRASIM,HCLTECH,0.666122788
HCLTECH,HCLTECH,1.0
HDFCBANK,HCLTECH,0.448172485
HDFCLIFE,HCLTECH,0.605480336
HEROMOTOCO,HCLTECH,0.639240436
HINDALCO,HCLTECH,0.554933172
HINDUNILVR,HCLTECH,0.435688571
ICICIBANK,HCLTECH,0.744021181
INDUSINDBK,HCLTECH,-0.478368391
INFY,HCLTECH,0.911885745
ITC,HCLTECH,0.55752822
JSWSTEEL,HCLTECH,0.68514249
KOTAKBANK,HCLTECH,0.324157339
LT,HCLTECH,0.580959575
M&M,HCLTECH,0.610078318
MARUTI,HCLTECH,0.306954686
NESTLEIND,HCLTECH,0.079133734
NTPC,HCLTECH,0.758675997
ONGC,HCLTECH,0.614810123
POWERGRID,HCLTECH,0.650000538
RELIANCE,HCLTECH,0.444161267
SBILIFE,HCLTECH,0.787022232
SBIN,HCLTECH,0.53737296
SHRIRAMFIN,HCLTECH,0.81519963
SUNPHARMA,HCLTECH,0.872010719
TATACONSUM,HCLTECH,0.544279617
TATAMOTORS,HCLTECH,0.486105648
TATASTEEL,HCLTECH,0.253923127
TCS,HCLTECH,0.826595423
TECHM,HCLTECH,0.852373526
TITAN,HCLTECH,0.305584875
TRENT,HCLTECH,0.796656638
ULTRACEMCO,HCLTECH,0.728888949
WIPRO,HCLTECH,0.898324042
ADANIENT,HDFCBANK,0.045732274
ADANIPORTS,HDFCBANK,0.316019929
APOLLOHOSP,HDFCBANK,0.4292884
ASIANPAINT,HDFCBANK,0.298623142
AXISBANK,HDFCBANK,0.63465757
BAJAJ-AUTO,HDFCBANK,0.453886291
BAJAJFINSV,HDFCBANK,0.579713859
BAJFINANCE,HDFCBANK,0.250851225
BEL,HDFCBANK,0.538497438
BHARTIARTL,HDFCBANK,0.587043158
BPCL,HDFCBANK,0.25346798
BRITANNIA,HDFCBANK,0.64984184
CIPLA,HDFCBANK,0.355314747
COALINDIA,HDFCBANK,0.266641407
DRREDDY,HDFCBANK,0.375200002
EICHERMOT,HDFCBANK,0.605343226
GRASIM,HDFCBANK,0.589055981
HCLTECH,HDFCBANK,0.448172485
HDFCBANK,HDFCBANK,1.0
HDFCLIFE,HDFCBANK,0.681658777
HEROMOTOCO,HDFCBANK,0.402028776
HINDALCO,HDFCBANK,0.61820798
HINDUNILVR,HDFCBANK,0.628153286
ICICIBANK,HDFCBANK,0.617597244
INDUSINDBK,HDFCBANK,-0.404551761
INFY,HDFCBANK,0.537633499
ITC,HDFCBANK,0.716868678
JSWSTEEL,HDFCBANK,0.719489182
KOTAKBANK,HDFCBANK,0.537957929
LT,HDFCBANK,0.338492547
M&M,HDFCBANK,0.622529792
MARUTI,HDFCBANK,0.145320203
NESTLEIND,HDFCBANK,-0.021093492
NTPC,HDFCBANK,0.504283139
ONGC,HDFCBANK,0.198028803
POWERGRID,HDFCBANK,0.43684259
RELIANCE,HDFCBANK,0.030631057
SBILIFE,HDFCBANK,0.533163197
SBIN,HDFCBANK,0.320487702
SHRIRAMFIN,HDFCBANK,0.60592324
SUNPHARMA,HDFCBANK,0.438075827
TATACONSUM,HDFCBANK,0.030812044
TATAMOTORS,HDFCBANK,0.061323944
TATASTEEL,HDFCBANK,0.19954347
TCS,HDFCBANK,0.334125907
TECHM,HDFCBANK,0.691346391
TITAN,HDFCBANK,-0.095771242
TRENT,HDFCBANK,0.615799872
ULTRACEMCO,HDFCBANK,0.652275113
WIPRO,HDFCBANK,0.444201893
ADANIENT,HDFCLIFE,-0.129851535
ADANIPORTS,HDFCLIFE,0.169770051
APOLLOHOSP,HDFCLIFE,0.483689449
ASIANPAINT,HDFCLIFE,0.383915117
AXISBANK,HDFCLIFE,0.258352731
BAJAJ-AUTO,HDFCLIFE,0.383915956
BAJAJFINSV,HDFCLIFE,0.698351885
BAJFINANCE,HDFCLIFE,0.154158439
BEL,HDFCLIFE,0.300118447
BHARTIARTL,HDFCLIFE,0.491453634
BPCL,HDFCLIFE,0.258440091
BRITANNIA,HDFCLIFE,0.5806116
CIPLA,HDFCLIFE,0.363246032
COALINDIA,HDFCLIFE,0.201022054
DRREDDY,HDFCLIFE,0.505261374
EICHERMOT,HDFCLIFE,0.368514031
GRASIM,HDFCLIFE,0.470545707
HCLTECH,HDFCLIFE,0.605480336
HDFCBANK,HDFCLIFE,0.681658777
HDFCLIFE,HDFCLIFE,1.0
HEROMOTOCO,HDFCLIFE,0.227707931
HINDALCO,HDFCLIFE,0.335531416
HINDUNILVR,HDFCLIFE,0.725699469
ICICIBANK,HDFCLIFE,0.482196073
INDUSINDBK,HDFCLIFE,-0.440421084
INFY,HDFCLIFE,0.711427606
ITC,HDFCLIFE,0.830369671
JSWSTEEL,HDFCLIFE,0.498023104
KOTAKBANK,HDFCLIFE,0.501864063
LT,HDFCLIFE,0.175702402
M&M,HDFCLIFE,0.426239435
MARUTI,HDFCLIFE,0.075543231
NESTLEIND,HDFCLIFE,-0.093311403
NTPC,HDFCLIFE,0.414509904
ONGC,HDFCLIFE,0.238837495
POWERGRID,HDFCLIFE,0.288139089
RELIANCE,HDFCLIFE,-0.084347347
SBILIFE,HDFCLIFE,0.744482885
SBIN,HDFCLIFE,0.113547986
SHRIRAMFIN,HDFCLIFE,0.586347967
SUNPHARMA,HDFCLIFE,0.516044396
TATACONSUM,HDFCLIFE,0.072266408
TATAMOTORS,HDFCLIFE,0.061970927
TATASTEEL,HDFCLIFE,-0.13537322
TCS,HDFCLIFE,0.468249305
TECHM,HDFCLIFE,0.688322765
TITAN,HDFCLIFE,0.051089431
TRENT,HDFCLIFE,0.586530231
ULTRACEMCO,HDFCLIFE,0.476096302
WIPRO,HDFCLIFE,0.388382053
ADANIENT,HEROMOTOCO,0.722860382
ADANIPORTS,HEROMOTOCO,0.927167255
APOLLOHOSP,HEROMOTOCO,0.813079808
ASIANPAINT,HEROMOTOCO,-0.134135613
AXISBANK,HEROMOTOCO,0.836953152
BAJAJ-AUTO,HEROMOTOCO,0.931282081
BAJAJFINSV,HEROMOTOCO,0.344492716
BAJFINANCE,HEROMOTOCO,-0.375013119
BEL,HEROMOTOCO,0.900283307
BHARTIARTL,HEROMOTOCO,0.877966985
BPCL,HEROMOTOCO,0.903493254
BRITANNIA,HEROMOTOCO,0.837022649
CIPLA,HEROMOTOCO,0.916566846
COALINDIA,HEROMOTOCO,0.929801262
DRREDDY,HEROMOTOCO,0.79888318
EICHERMOT,HEROMOTOCO,0.847301875
GRASIM,HEROMOTOCO,0.883863982
HCLTECH,HEROMOTOCO,0.639240436
HDFCBANK,HEROMOTOCO,0.402028776
HDFCLIFE,HEROMOTOCO,0.227707931
HEROMOTOCO,HEROMOTOCO,1.0
HINDALCO,HEROMOTOCO,0.866608733
HINDUNILVR,HEROMOTOCO,0.418323665
ICICIBANK,HEROMOTOCO,0.855330999
INDUSINDBK,HEROMOTOCO,-0.206608699
INFY,HEROMOTOCO,0.66296092
ITC,HEROMOTOCO,0.428718833
JSWSTEEL,HEROMOTOCO,0.823898393
KOTAKBANK,HEROMOTOCO,0.185067113
LT,HEROMOTOCO,0.770671832
M&M,HEROMOTOCO,0.866277164
MARUTI,HEROMOTOCO,0.759388147
NESTLEIND,HEROMOTOCO,0.383462752
NTPC,HEROMOTOCO,0.913163997
ONGC,HEROMOTOCO,0.863440534
POWERGRID,HEROMOTOCO,0.938814178
RELIANCE,HEROMOTOCO,0.827731905
SBILIFE,HEROMOTOCO,0.732863672
SBIN,HEROMOTOCO,0.865972459
SHRIRAMFIN,HEROMOTOCO,0.852039582
SUNPHARMA,HEROMOTOCO,0.832084524
TATACONSUM,HEROMOTOCO,0.777315565
TATAMOTORS,HEROMOTOCO,0.828669855
TATASTEEL,HEROMOTOCO,0.806488828
TCS,HEROMOTOCO,0.796915181
TECHM,HEROMOTOCO,0.733193125
TITAN,HEROMOTOCO,0.200300446
TRENT,HEROMOTOCO,0.842414092
ULTRACEMCO,HEROMOTOCO,0.901778733
WIPRO,HEROMOTOCO,0.789781694
ADANIENT,HINDALCO,0.538512728
ADANIPORTS,HINDALCO,0.804026435
APOLLOHOSP,HINDALCO,0.721500782
ASIANPAINT,HINDALCO,-0.08313927
AXISBANK,HINDALCO,0.834663521
BAJAJ-AUTO,HINDALCO,0.868757341
BAJAJFINSV,HINDALCO,0.447122055
BAJFINANCE,HINDALCO,-0.201774656
BEL,HINDALCO,0.904585462
BHARTIARTL,HINDALCO,0.907002238
BPCL,HINDALCO,0.77548909
BRITANNIA,HINDALCO,0.835778409
CIPLA,HINDALCO,0.782665265
COALINDIA,HINDALCO,0.814089488
DRREDDY,HINDALCO,0.676691708
EICHERMOT,HINDALCO,0.921614063
GRASIM,HINDALCO,0.89922156
HCLTECH,HINDALCO,0.554933172
HDFCBANK,HINDALCO,0.61820798
HDFCLIFE,HINDALCO,0.335531416
HEROMOTOCO,HINDALCO,0.866608733
HINDALCO,HINDALCO,1.0
HINDUNILVR,HINDALCO,0.434344166
ICICIBANK,HINDALCO,0.873723332
INDUSINDBK,HINDALCO,-0.355303261
INFY,HINDALCO,0.593837437
ITC,HINDALCO,0.558062976
JSWSTEEL,HINDALCO,0.937846304
KOTAKBANK,HINDALCO,0.225822441
LT,HINDALCO,0.674372498
M&M,HINDALCO,0.907417299
MARUTI,HINDALCO,0.708323513
NESTLEIND,HINDALCO,0.185538797
NTPC,HINDALCO,0.890520022
ONGC,HINDALCO,0.723790332
POWERGRID,HINDALCO,0.877640712
RELIANCE,HINDALCO,0.604286109
SBILIFE,HINDALCO,0.662237475
SBIN,HINDALCO,0.809466045
SHRIRAMFIN,HINDALCO,0.838738911
SUNPHARMA,HINDALCO,0.777966958
TATACONSUM,HINDALCO,0.521039157
TATAMOTORS,HINDALCO,0.638470762
TATASTEEL,HINDALCO,0.774772774
TCS,HINDALCO,0.639324744
TECHM,HINDALCO,0.7714677
TITAN,HINDALCO,-0.011418768
TRENT,HINDALCO,0.871178042
ULTRACEMCO,HINDALCO,0.853077177
WIPRO,HINDALCO,0.678849954
ADANIENT,HINDUNILVR,-0.023991323
ADANIPORTS,HINDUNILVR,0.23891257
APOLLOHOSP,HINDUNILVR,0.38817311
ASIANPAINT,HINDUNILVR,0.609737065
AXISBANK,HINDUNILVR,0.474329996
BAJAJ-AUTO,HINDUNILVR,0.424006715
BAJAJFINSV,HINDUNILVR,0.643658245
BAJFINANCE,HINDUNILVR,0.279955433
BEL,HINDUNILVR,0.382344935
BHARTIARTL,HINDUNILVR,0.489788508
BPCL,HINDUNILVR,0.266086649
BRITANNIA,HINDUNILVR,0.779082711
CIPLA,HINDUNILVR,0.413278829
COALINDIA,HINDUNILVR,0.312393213
DRREDDY,HINDUNILVR,0.50280904
EICHERMOT,HINDUNILVR,0.408935637
GRASIM,HINDUNILVR,0.513487567
HCLTECH,HINDUNILVR,0.435688571
HDFCBANK,HINDUNILVR,0.628153286
HDFCLIFE,HINDUNILVR,0.725699469
HEROMOTOCO,HINDUNILVR,0.418323665
HINDALCO,HINDUNILVR,0.434344166
HINDUNILVR,HINDUNILVR,1.0
ICICIBANK,HINDUNILVR,0.442539215
INDUSINDBK,HINDUNILVR,-0.139255654
INFY,HINDUNILVR,0.700211367
ITC,HINDUNILVR,0.860710263
JSWSTEEL,HINDUNILVR,0.491783236
KOTAKBANK,HINDUNILVR,0.575759665
LT,HINDUNILVR,0.14653055
M&M,HINDUNILVR,0.488348351
MARUTI,HINDUNILVR,0.143221637
NESTLEIND,HINDUNILVR,0.232181428
NTPC,HINDUNILVR,0.41818005
ONGC,HINDUNILVR,0.30097923
POWERGRID,HINDUNILVR,0.369760082
RELIANCE,HINDUNILVR,0.086710069
SBILIFE,HINDUNILVR,0.736500646
SBIN,HINDUNILVR,0.135469228
SHRIRAMFIN,HINDUNILVR,0.594318083
SUNPHARMA,HINDUNILVR,0.410643532
TATACONSUM,HINDUNILVR,0.285253158
TATAMOTORS,HINDUNILVR,0.137444669
TATASTEEL,HINDUNILVR,-0.006037981
TCS,HINDUNILVR,0.481896493
TECHM,HINDUNILVR,0.631278741
TITAN,HINDUNILVR,0.092648812
TRENT,HINDUNILVR,0.558373789
ULTRACEMCO,HINDUNILVR,0.585902418
WIPRO,HINDUNILVR,0.334676529
ADANIENT,ICICIBANK,0.496329023
ADANIPORTS,ICICIBANK,0.831920596
APOLLOHOSP,ICICIBANK,0.853108332
ASIANPAINT,ICICIBANK,-0.211488342
AXISBANK,ICICIBANK,0.819640692
BAJAJ-AUTO,ICICIBANK,0.920296036
BAJAJFINSV,ICICIBANK,0.489161881
BAJFINANCE,ICICIBANK,-0.302548116
BEL,ICICIBANK,0.908998699
BHARTIARTL,ICICIBANK,0.966673626
BPCL,ICICIBANK,0.837609958
BRITANNIA,ICICIBANK,0.822625807
CIPLA,ICICIBANK,0.875218352
COALINDIA,ICICIBANK,0.808845756
DRREDDY,ICICIBANK,0.811025796
EICHERMOT,ICICIBANK,0.897491488
GRASIM,ICICIBANK,0.955913902
HCLTECH,ICICIBANK,0.744021181
HDFCBANK,ICICIBANK,0.617597244
HDFCLIFE,ICICIBANK,0.482196073
HEROMOTOCO,ICICIBANK,0.855330999
HINDALCO,ICICIBANK,0.873723332
HINDUNILVR,ICICIBANK,0.442539215
ICICIBANK,ICICIBANK,1.0
INDUSINDBK,ICICIBANK,-0.559799198
INFY,ICICIBANK,0.752890635
ITC,ICICIBANK,0.588475571
JSWSTEEL,ICICIBANK,0.921676478
KOTAKBANK,ICICIBANK,0.170005295
LT,ICICIBANK,0.689192553
M&M,ICICIBANK,0.93541741
MARUTI,ICICIBANK,0.703914622
NESTLEIND,ICICIBANK,0.095322534
NTPC,ICICIBANK,0.929571464
ONGC,ICICIBANK,0.788699589
POWERGRID,ICICIBANK,0.926041462
RELIANCE,ICICIBANK,0.611805608
SBILIFE,ICICIBANK,0.793786942
SBIN,ICICIBANK,0.866854189
SHRIRAMFIN,ICICIBANK,0.933821848
SUNPHARMA,ICICIBANK,0.916250199
TATACONSUM,ICICIBANK,0.53665974
TATAMOTORS,ICICIBANK,0.666411673
TATASTEEL,ICICIBANK,0.672481243
TCS,ICICIBANK,0.781504563
TECHM,ICICIBANK,0.886507777
TITAN,ICICIBANK,-0.03034473
TRENT,ICICIBANK,0.947748577
ULTRACEMCO,ICICIBANK,0.885231971
WIPRO,ICICIBANK,0.84579577
ADANIENT,INDUSINDBK,0.141291115
ADANIPORTS,INDUSINDBK,-0.195635123
APOLLOHOSP,INDUSINDBK,-0.447425457
ASIANPAINT,INDUSINDBK,0.441990872
AXISBANK,INDUSINDBK,-0.205323701
BAJAJ-AUTO,INDUSINDBK,-0.348109106
BAJAJFINSV,INDUSINDBK,-0.154909179
BAJFINANCE,INDUSINDBK,0.290751563
BEL,INDUSINDBK,-0.415287879
BHARTIARTL,INDUSINDBK,-0.54178328
BPCL,INDUSINDBK,-0.280625068
BRITANNIA,INDUSINDBK,-0.280854567
CIPLA,INDUSINDBK,-0.350309097
COALINDIA,INDUSINDBK,-0.191342253
DRREDDY,INDUSINDBK,-0.325339462
EICHERMOT,INDUSINDBK,-0.455100394
GRASIM,INDUSINDBK,-0.449165503
HCLTECH,INDUSINDBK,-0.478368391
HDFCBANK,INDUSINDBK,-0.404551761
HDFCLIFE,INDUSINDBK,-0.440421084
HEROMOTOCO,INDUSINDBK,-0.206608699
HINDALCO,INDUSINDBK,-0.355303261
HINDUNILVR,INDUSINDBK,-0.139255654
ICICIBANK,INDUSINDBK,-0.559799198
INDUSINDBK,INDUSINDBK,1.0
INFY,INDUSINDBK,-0.463750061
ITC,INDUSINDBK,-0.35502622
JSWSTEEL,INDUSINDBK,-0.474406688
KOTAKBANK,INDUSINDBK,0.204847784
LT,INDUSINDBK,-0.015783016
M&M,INDUSINDBK,-0.530739369
MARUTI,INDUSINDBK,-0.146438217
NESTLEIND,INDUSINDBK,0.637549015
NTPC,INDUSINDBK,-0.38342146
ONGC,INDUSINDBK,-0.224250616
POWERGRID,INDUSINDBK,-0.390738278
RELIANCE,INDUSINDBK,0.109340947
SBILIFE,INDUSINDBK,-0.3112505
SBIN,INDUSINDBK,-0.376949114
SHRIRAMFIN,INDUSINDBK,-0.456520387
SUNPHARMA,INDUSINDBK,-0.512921855
TATACONSUM,INDUSINDBK,0.189329351
TATAMOTORS,INDUSINDBK,-0.007669223
TATASTEEL,INDUSINDBK,-0.066145839
TCS,INDUSINDBK,-0.289134221
TECHM,INDUSINDBK,-0.637399035
TITAN,INDUSINDBK,0.558337575
TRENT,INDUSINDBK,-0.554516323
ULTRACEMCO,INDUSINDBK,-0.316750603
WIPRO,INDUSINDBK,-0.453052743
ADANIENT,INFY,0.333241523
ADANIPORTS,INFY,0.60450654
APOLLOHOSP,INFY,0.843184326
ASIANPAINT,INFY,0.106584417
AXISBANK,INFY,0.540265934
BAJAJ-AUTO,INFY,0.72627912
BAJAJFINSV,INFY,0.594744822
BAJFINANCE,INFY,-0.226029828
BEL,INFY,0.618484459
BHARTIARTL,INFY,0.765812761
BPCL,INFY,0.666843934
BRITANNIA,INFY,0.808977118
CIPLA,INFY,0.756670773
COALINDIA,INFY,0.614582462
DRREDDY,INFY,0.821554322
EICHERMOT,INFY,0.577518171
GRASIM,INFY,0.741712532
HCLTECH,INFY,0.911885745
HDFCBANK,INFY,0.537633499
HDFCLIFE,INFY,0.711427606
HEROMOTOCO,INFY,0.66296092
HINDALCO,INFY,0.593837437
HINDUNILVR,INFY,0.700211367
ICICIBANK,INFY,0.752890635
INDUSINDBK,INFY,-0.463750061
INFY,INFY,1.0
ITC,INFY,0.75528285
JSWSTEEL,INFY,0.698965858
KOTAKBANK,INFY,0.403819932
LT,INFY,0.490218327
M&M,INFY,0.676932056
MARUTI,INFY,0.310270673
NESTLEIND,INFY,0.084612852
NTPC,INFY,0.750323723
ONGC,INFY,0.649910442
POWERGRID,INFY,0.676504093
RELIANCE,INFY,0.40757732
SBILIFE,INFY,0.88081598
SBIN,INFY,0.503817297
SHRIRAMFIN,INFY,0.849351209
SUNPHARMA,INFY,0.825532245
TATACONSUM,INFY,0.541316228
TATAMOTORS,INFY,0.470475654
TATASTEEL,INFY,0.205790959
TCS,INFY,0.864139593
TECHM,INFY,0.920674543
TITAN,INFY,0.192592201
TRENT,INFY,0.823632858
ULTRACEMCO,INFY,0.796839008
WIPRO,INFY,0.828120543
ADANIENT,ITC,0.011337919
ADANIPORTS,ITC,0.33437199
APOLLOHOSP,ITC,0.530459273
ASIANPAINT,ITC,0.4608872
AXISBANK,ITC,0.464063994
BAJAJ-AUTO,ITC,0.520786103
BAJAJFINSV,ITC,0.705144027
BAJFINANCE,ITC,0.202960578
BEL,ITC,0.476032456
BHARTIARTL,ITC,0.623880545
BPCL,ITC,0.357169753
BRITANNIA,ITC,0.78598944
CIPLA,ITC,0.473804081
COALINDIA,ITC,0.367183725
DRREDDY,ITC,0.553479512
EICHERMOT,ITC,0.544744476
GRASIM,ITC,0.611981306
HCLTECH,ITC,0.55752822
HDFCBANK,ITC,0.716868678
HDFCLIFE,ITC,0.830369671
HEROMOTOCO,ITC,0.428718833
HINDALCO,ITC,0.558062976
HINDUNILVR,ITC,0.860710263
ICICIBANK,ITC,0.588475571
INDUSINDBK,ITC,-0.35502622
INFY,ITC,0.75528285
ITC,ITC,1.0
JSWSTEEL,ITC,0.625417607
KOTAKBANK,ITC,0.494259408
LT,ITC,0.312216971
M&M,ITC,0.559995831
MARUTI,ITC,0.205606947
NESTLEIND,ITC,0.064856929
NTPC,ITC,0.557555096
ONGC,ITC,0.389809138
POWERGRID,ITC,0.454304499
RELIANCE,ITC,0.082413613
SBILIFE,ITC,0.785546889
SBIN,ITC,0.241965338
SHRIRAMFIN,ITC,0.684981138
SUNPHARMA,ITC,0.562237584
TATACONSUM,ITC,0.273792821
TATAMOTORS,ITC,0.20347986
TATASTEEL,ITC,0.046823906
TCS,ITC,0.563023301
TECHM,ITC,0.756250672
TITAN,ITC,0.086942432
TRENT,ITC,0.670534447
ULTRACEMCO,ITC,0.632236099
WIPRO,ITC,0.421018203
ADANIENT,JSWSTEEL,0.500641765
ADANIPORTS,JSWSTEEL,0.76775078
APOLLOHOSP,JSWSTEEL,0.800106177
ASIANPAINT,JSWSTEEL,-0.060194283
AXISBANK,JSWSTEEL,0.811116862
BAJAJ-AUTO,JSWSTEEL,0.883736704
BAJAJFINSV,JSWSTEEL,0.58552994
BAJFINANCE,JSWSTEEL,-0.15567042
BEL,JSWSTEEL,0.873037131
BHARTIARTL,JSWSTEEL,0.926815377
BPCL,JSWSTEEL,0.773756507
BRITANNIA,JSWSTEEL,0.840913615
CIPLA,JSWSTEEL,0.806524007
COALINDIA,JSWSTEEL,0.759202267
DRREDDY,JSWSTEEL,0.713151025
EICHERMOT,JSWSTEEL,0.900316302
GRASIM,JSWSTEEL,0.904123219
HCLTECH,JSWSTEEL,0.68514249
HDFCBANK,JSWSTEEL,0.719489182
HDFCLIFE,JSWSTEEL,0.498023104
HEROMOTOCO,JSWSTEEL,0.823898393
HINDALCO,JSWSTEEL,0.937846304
HINDUNILVR,JSWSTEEL,0.491783236
ICICIBANK,JSWSTEEL,0.921676478
INDUSINDBK,JSWSTEEL,-0.474406688
INFY,JSWSTEEL,0.698965858
ITC,JSWSTEEL,0.625417607
JSWSTEEL,JSWSTEEL,1.0
KOTAKBANK,JSWSTEEL,0.293614352
LT,JSWSTEEL,0.670696078
M&M,JSWSTEEL,0.922754381
MARUTI,JSWSTEEL,0.650320117
NESTLEIND,JSWSTEEL,0.127693112
NTPC,JSWSTEEL,0.905188084
ONGC,JSWSTEEL,0.680428039
POWERGRID,JSWSTEEL,0.862754051
RELIANCE,JSWSTEEL,0.518113112
SBILIFE,JSWSTEEL,0.741767337
SBIN,JSWSTEEL,0.782661153
SHRIRAMFIN,JSWSTEEL,0.894982428
SUNPHARMA,JSWSTEEL,0.843468524
TATACONSUM,JSWSTEEL,0.45175617
TATAMOTORS,JSWSTEEL,0.564040259
TATASTEEL,JSWSTEEL,0.685716731
TCS,JSWSTEEL,0.686431124
TECHM,JSWSTEEL,0.858026629
TITAN,JSWSTEEL,0.025733946
TRENT,JSWSTEEL,0.922285849
ULTRACEMCO,JSWSTEEL,0.877394065
WIPRO,JSWSTEEL,0.764597377
ADANIENT,KOTAKBANK,0.102311259
ADANIPORTS,KOTAKBANK,0.100026739
APOLLOHOSP,KOTAKBANK,0.2347336
ASIANPAINT,KOTAKBANK,0.575571426
AXISBANK,KOTAKBANK,0.275503117
BAJAJ-AUTO,KOTAKBANK,0.17060042
BAJAJFINSV,KOTAKBANK,0.533760472
BAJFINANCE,KOTAKBANK,0.378103121
BEL,KOTAKBANK,0.113773167
BHARTIARTL,KOTAKBANK,0.17006239
BPCL,KOTAKBANK,0.028322938
BRITANNIA,KOTAKBANK,0.446492841
CIPLA,KOTAKBANK,0.109192666
COALINDIA,KOTAKBANK,0.073253518
DRREDDY,KOTAKBANK,0.197227436
EICHERMOT,KOTAKBANK,0.096989182
GRASIM,KOTAKBANK,0.19974341
HCLTECH,KOTAKBANK,0.324157339
HDFCBANK,KOTAKBANK,0.537957929
HDFCLIFE,KOTAKBANK,0.501864063
HEROMOTOCO,KOTAKBANK,0.185067113
HINDALCO,KOTAKBANK,0.225822441
HINDUNILVR,KOTAKBANK,0.575759665
ICICIBANK,KOTAKBANK,0.170005295
INDUSINDBK,KOTAKBANK,0.204847784
INFY,KOTAKBANK,0.403819932
ITC,KOTAKBANK,0.494259408
JSWSTEEL,KOTAKBANK,0.293614352
KOTAKBANK,KOTAKBANK,1.0
LT,KOTAKBANK,0.255174817
M&M,KOTAKBANK,0.138537313
MARUTI,KOTAKBANK,-0.090344131
NESTLEIND,KOTAKBANK,0.39787348
NTPC,KOTAKBANK,0.186022077
ONGC,KOTAKBANK,0.035872942
POWERGRID,KOTAKBANK,0.073038203
RELIANCE,KOTAKBANK,0.074378582
SBILIFE,KOTAKBANK,0.383502618
SBIN,KOTAKBANK,-0.09503467
SHRIRAMFIN,KOTAKBANK,0.284805858
SUNPHARMA,KOTAKBANK,0.141276608
TATACONSUM,KOTAKBANK,0.199354376
TATAMOTORS,KOTAKBANK,-0.015144515
TATASTEEL,KOTAKBANK,-0.075619608
TCS,KOTAKBANK,0.214349107
TECHM,KOTAKBANK,0.298784328
TITAN,KOTAKBANK,0.38587831
TRENT,KOTAKBANK,0.208677671
ULTRACEMCO,KOTAKBANK,0.38982708
WIPRO,KOTAKBANK,0.226876508
ADANIENT,LT,0.811118074
ADANIPORTS,LT,0.854855717
APOLLOHOSP,LT,0.712629124
ASIANPAINT,LT,-0.140669429
AXISBANK,LT,0.653209135
BAJAJ-AUTO,LT,0.746204717
BAJAJFINSV,LT,0.278012876
BAJFINANCE,LT,-0.325635745
BEL,LT,0.729187691
BHARTIARTL,LT,0.655301874
BPCL,LT,0.767687266
BRITANNIA,LT,0.584367374
CIPLA,LT,0.735837219
COALINDIA,LT,0.765980175
DRREDDY,LT,0.64700243
EICHERMOT,LT,0.648590842
GRASIM,LT,0.676804941
HCLTECH,LT,0.580959575
HDFCBANK,LT,0.338492547
HDFCLIFE,LT,0.175702402
HEROMOTOCO,LT,0.770671832
HINDALCO,LT,0.674372498
HINDUNILVR,LT,0.14653055
ICICIBANK,LT,0.689192553
INDUSINDBK,LT,-0.015783016
INFY,LT,0.490218327
ITC,LT,0.312216971
JSWSTEEL,LT,0.670696078
KOTAKBANK,LT,0.255174817
LT,LT,1.0
M&M,LT,0.604854498
MARUTI,LT,0.60837599
NESTLEIND,LT,0.435826204
NTPC,LT,0.788207426
ONGC,LT,0.742145311
POWERGRID,LT,0.741544766
RELIANCE,LT,0.791493033
SBILIFE,LT,0.564155788
SBIN,LT,0.740839799
SHRIRAMFIN,LT,0.637993146
SUNPHARMA,LT,0.685134337
TATACONSUM,LT,0.756794319
TATAMOTORS,LT,0.780123971
TATASTEEL,LT,0.712208253
TCS,LT,0.70167877
TECHM,LT,0.522417787
TITAN,LT,0.462555589
TRENT,LT,0.599817182
ULTRACEMCO,LT,0.746006406
WIPRO,LT,0.704511892
ADANIENT,M&M,0.458802115
ADANIPORTS,M&M,0.802966502
APOLLOHOSP,M&M,0.758609781
ASIANPAINT,M&M,-0.212399036
AXISBANK,M&M,0.822275058
BAJAJ-AUTO,M&M,0.893160261
BAJAJFINSV,M&M,0.400052822
BAJFINANCE,M&M,-0.258044736
BEL,M&M,0.94932351
BHARTIARTL,M&M,0.952157014
BPCL,M&M,0.79955703
BRITANNIA,M&M,0.830313513
CIPLA,M&M,0.856505849
COALINDIA,M&M,0.815949229
DRREDDY,M&M,0.756764622
EICHERMOT,M&M,0.9324235
GRASIM,M&M,0.944944446
HCLTECH,M&M,0.610078318
HDFCBANK,M&M,0.622529792
HDFCLIFE,M&M,0.426239435
HEROMOTOCO,M&M,0.866277164
HINDALCO,M&M,0.907417299
HINDUNILVR,M&M,0.488348351
ICICIBANK,M&M,0.93541741
INDUSINDBK,M&M,-0.530739369
INFY,M&M,0.676932056
ITC,M&M,0.559995831
JSWSTEEL,M&M,0.922754381
KOTAKBANK,M&M,0.138537313
LT,M&M,0.604854498
M&M,M&M,1.0
MARUTI,M&M,0.751929708
NESTLEIND,M&M,0.074300003
NTPC,M&M,0.892451529
ONGC,M&M,0.76248931
POWERGRID,M&M,0.926369087
RELIANCE,M&M,0.566659493
SBILIFE,M&M,0.732069464
SBIN,M&M,0.861852226
SHRIRAMFIN,M&M,0.894278939
SUNPHARMA,M&M,0.841184597
TATACONSUM,M&M,0.478365608
TATAMOTORS,M&M,0.637988848
TATASTEEL,M&M,0.73561981
TCS,M&M,0.689338738
TECHM,M&M,0.845474804
TITAN,M&M,-0.156013621
TRENT,M&M,0.929331671
ULTRACEMCO,M&M,0.870364115
WIPRO,M&M,0.734346433
ADANIENT,MARUTI,0.576768942
ADANIPORTS,MARUTI,0.783546204
APOLLOHOSP,MARUTI,0.563828092
ASIANPAINT,MARUTI,-0.299957022
AXISBANK,MARUTI,0.596535442
BAJAJ-AUTO,MARUTI,0.793629742
BAJAJFINSV,MARUTI,0.201553836
BAJFINANCE,MARUTI,-0.30729597
BEL,MARUTI,0.770721866
BHARTIARTL,MARUTI,0.726138751
BPCL,MARUTI,0.805426863
BRITANNIA,MARUTI,0.550923363
CIPLA,MARUTI,0.741199759
COALINDIA,MARUTI,0.830448927
DRREDDY,MARUTI,0.66454218
EICHERMOT,MARUTI,0.76250247
GRASIM,MARUTI,0.758344778
HCLTECH,MARUTI,0.306954686
HDFCBANK,MARUTI,0.145320203
HDFCLIFE,MARUTI,0.075543231
HEROMOTOCO,MARUTI,0.759388147
HINDALCO,MARUTI,0.708323513
HINDUNILVR,MARUTI,0.143221637
ICICIBANK,MARUTI,0.703914622
INDUSINDBK,MARUTI,-0.146438217
INFY,MARUTI,0.310270673
ITC,MARUTI,0.205606947
JSWSTEEL,MARUTI,0.650320117
KOTAKBANK,MARUTI,-0.090344131
LT,MARUTI,0.60837599
M&M,MARUTI,0.751929708
MARUTI,MARUTI,1.0
NESTLEIND,MARUTI,0.318872918
NTPC,MARUTI,0.752808768
ONGC,MARUTI,0.806652079
POWERGRID,MARUTI,0.815543945
RELIANCE,MARUTI,0.740895495
SBILIFE,MARUTI,0.552587494
SBIN,MARUTI,0.841188988
SHRIRAMFIN,MARUTI,0.642251852
SUNPHARMA,MARUTI,0.682470604
TATACONSUM,MARUTI,0.603209603
TATAMOTORS,MARUTI,0.8213185
TATASTEEL,MARUTI,0.875749945
TCS,MARUTI,0.573662718
TECHM,MARUTI,0.423016426
TITAN,MARUTI,0.020748644
TRENT,MARUTI,0.661379684
ULTRACEMCO,MARUTI,0.588169422
WIPRO,MARUTI,0.478499138
ADANIENT,NESTLEIND,0.484727492
ADANIPORTS,NESTLEIND,0.357642916
APOLLOHOSP,NESTLEIND,0.167141077
ASIANPAINT,NESTLEIND,0.332442266
AXISBANK,NESTLEIND,0.32696593
BAJAJ-AUTO,NESTLEIND,0.29611075
BAJAJFINSV,NESTLEIND,0.198499746
BAJFINANCE,NESTLEIND,0.026872088
BEL,NESTLEIND,0.159640531
BHARTIARTL,NESTLEIND,0.083065089
BPCL,NESTLEIND,0.299635509
BRITANNIA,NESTLEIND,0.329374878
CIPLA,NESTLEIND,0.279261473
COALINDIA,NESTLEIND,0.366522508
DRREDDY,NESTLEIND,0.298292812
EICHERMOT,NESTLEIND,0.104985535
GRASIM,NESTLEIND,0.183711852
HCLTECH,NESTLEIND,0.079133734
HDFCBANK,NESTLEIND,-0.021093492
HDFCLIFE,NESTLEIND,-0.093311403
HEROMOTOCO,NESTLEIND,0.383462752
HINDALCO,NESTLEIND,0.185538797
HINDUNILVR,NESTLEIND,0.232181428
ICICIBANK,NESTLEIND,0.095322534
INDUSINDBK,NESTLEIND,0.637549015
INFY,NESTLEIND,0.084612852
ITC,NESTLEIND,0.064856929
JSWSTEEL,NESTLEIND,0.127693112
KOTAKBANK,NESTLEIND,0.39787348
LT,NESTLEIND,0.435826204
M&M,NESTLEIND,0.074300003
MARUTI,NESTLEIND,0.318872918
NESTLEIND,NESTLEIND,1.0
NTPC,NESTLEIND,0.244335963
ONGC,NESTLEIND,0.32891149
POWERGRID,NESTLEIND,0.23578024
RELIANCE,NESTLEIND,0.558056391
SBILIFE,NESTLEIND,0.283301999
SBIN,NESTLEIND,0.176412304
SHRIRAMFIN,NESTLEIND,0.167348186
SUNPHARMA,NESTLEIND,0.1345452
TATACONSUM,NESTLEIND,0.656224323
TATAMOTORS,NESTLEIND,0.467614819
TATASTEEL,NESTLEIND,0.346898788
TCS,NESTLEIND,0.289927073
TECHM,NESTLEIND,-0.058405774
TITAN,NESTLEIND,0.64440605
TRENT,NESTLEIND,0.081062924
ULTRACEMCO,NESTLEIND,0.321907048
WIPRO,NESTLEIND,0.175822267
ADANIENT,NTPC,0.684552598
ADANIPORTS,NTPC,0.927943986
APOLLOHOSP,NTPC,0.901042715
ASIANPAINT,NTPC,-0.14794419
AXISBANK,NTPC,0.769117018
BAJAJ-AUTO,NTPC,0.956263205
BAJAJFINSV,NTPC,0.459746658
BAJFINANCE,NTPC,-0.400142259
BEL,NTPC,0.905960804
BHARTIARTL,NTPC,0.940136116
BPCL,NTPC,0.940655514
BRITANNIA,NTPC,0.845396161
CIPLA,NTPC,0.922394819
COALINDIA,NTPC,0.925878076
DRREDDY,NTPC,0.871829443
EICHERMOT,NTPC,0.880530769
GRASIM,NTPC,0.92651007
HCLTECH,NTPC,0.758675997
HDFCBANK,NTPC,0.504283139
HDFCLIFE,NTPC,0.414509904
HEROMOTOCO,NTPC,0.913163997
HINDALCO,NTPC,0.890520022
HINDUNILVR,NTPC,0.41818005
ICICIBANK,NTPC,0.929571464
INDUSINDBK,NTPC,-0.38342146
INFY,NTPC,0.750323723
ITC,NTPC,0.557555096
JSWSTEEL,NTPC,0.905188084
KOTAKBANK,NTPC,0.186022077
LT,NTPC,0.788207426
M&M,NTPC,0.892451529
MARUTI,NTPC,0.752808768
NESTLEIND,NTPC,0.244335963
NTPC,NTPC,1.0
ONGC,NTPC,0.888829556
POWERGRID,NTPC,0.957633861
RELIANCE,NTPC,0.738417146
SBILIFE,NTPC,0.818131482
SBIN,NTPC,0.883668782
SHRIRAMFIN,NTPC,0.923251155
SUNPHARMA,NTPC,0.94143258
TATACONSUM,NTPC,0.716162266
TATAMOTORS,NTPC,0.804503938
TATASTEEL,NTPC,0.739565473
TCS,NTPC,0.845443597
TECHM,NTPC,0.827516844
TITAN,NTPC,0.164337491
TRENT,NTPC,0.925323173
ULTRACEMCO,NTPC,0.901947341
WIPRO,NTPC,0.838702154
ADANIENT,ONGC,0.705151288
ADANIPORTS,ONGC,0.932967814
APOLLOHOSP,ONGC,0.795543103
ASIANPAINT,ONGC,-0.239636093
AXISBANK,ONGC,0.663991441
BAJAJ-AUTO,ONGC,0.850436611
BAJAJFINSV,ONGC,0.182560095
BAJFINANCE,ONGC,-0.531657933
BEL,ONGC,0.850690857
BHARTIARTL,ONGC,0.791537124
BPCL,ONGC,0.932728118
BRITANNIA,ONGC,0.710257119
CIPLA,ONGC,0.884016179
COALINDIA,ONGC,0.961233551
DRREDDY,ONGC,0.905026117
EICHERMOT,ONGC,0.770343754
GRASIM,ONGC,0.849622814
HCLTECH,ONGC,0.614810123
HDFCBANK,ONGC,0.198028803
HDFCLIFE,ONGC,0.238837495
HEROMOTOCO,ONGC,0.863440534
HINDALCO,ONGC,0.723790332
HINDUNILVR,ONGC,0.30097923
ICICIBANK,ONGC,0.788699589
INDUSINDBK,ONGC,-0.224250616
INFY,ONGC,0.649910442
ITC,ONGC,0.389809138
JSWSTEEL,ONGC,0.680428039
KOTAKBANK,ONGC,0.035872942
LT,ONGC,0.742145311
M&M,ONGC,0.76248931
MARUTI,ONGC,0.806652079
NESTLEIND,ONGC,0.32891149
NTPC,ONGC,0.888829556
ONGC,ONGC,1.0
POWERGRID,ONGC,0.918434894
RELIANCE,ONGC,0.874650464
SBILIFE,ONGC,0.745860948
SBIN,ONGC,0.879564862
SHRIRAMFIN,ONGC,0.785279159
SUNPHARMA,ONGC,0.833258685
TATACONSUM,ONGC,0.836656087
TATAMOTORS,ONGC,0.942633543
TATASTEEL,ONGC,0.737686801
TCS,ONGC,0.862391477
TECHM,ONGC,0.653911757
TITAN,ONGC,0.15830976
TRENT,ONGC,0.766838062
ULTRACEMCO,ONGC,0.797086019
WIPRO,ONGC,0.747549424
ADANIENT,POWERGRID,0.662056006
ADANIPORTS,POWERGRID,0.942615509
APOLLOHOSP,POWERGRID,0.830933909
ASIANPAINT,POWERGRID,-0.266174449
AXISBANK,POWERGRID,0.820524435
BAJAJ-AUTO,POWERGRID,0.931857552
BAJAJFINSV,POWERGRID,0.297133191
BAJFINANCE,POWERGRID,-0.454651084
BEL,POWERGRID,0.957863666
BHARTIARTL,POWERGRID,0.922191773
BPCL,POWERGRID,0.934624593
BRITANNIA,POWERGRID,0.80229436
CIPLA,POWERGRID,0.922897718
COALINDIA,POWERGRID,0.949245776
DRREDDY,POWERGRID,0.856677518
EICHERMOT,POWERGRID,0.911030374
GRASIM,POWERGRID,0.946082166
HCLTECH,POWERGRID,0.650000538
HDFCBANK,POWERGRID,0.43684259
HDFCLIFE,POWERGRID,0.288139089
HEROMOTOCO,POWERGRID,0.938814178
HINDALCO,POWERGRID,0.877640712
HINDUNILVR,POWERGRID,0.369760082
ICICIBANK,POWERGRID,0.926041462
INDUSINDBK,POWERGRID,-0.390738278
INFY,POWERGRID,0.676504093
ITC,POWERGRID,0.454304499
JSWSTEEL,POWERGRID,0.862754051
KOTAKBANK,POWERGRID,0.073038203
LT,POWERGRID,0.741544766
M&M,POWERGRID,0.926369087
MARUTI,POWERGRID,0.815543945
NESTLEIND,POWERGRID,0.23578024
NTPC,POWERGRID,0.957633861
ONGC,POWERGRID,0.918434894
POWERGRID,POWERGRID,1.0
RELIANCE,POWERGRID,0.789771432
SBILIFE,POWERGRID,0.751248737
SBIN,POWERGRID,0.944568806
SHRIRAMFIN,POWERGRID,0.880593021
SUNPHARMA,POWERGRID,0.887741742
TATACONSUM,POWERGRID,0.704487532
TATAMOTORS,POWERGRID,0.839872002
TATASTEEL,POWERGRID,0.810027875
TCS,POWERGRID,0.811547205
TECHM,POWERGRID,0.779737434
TITAN,POWERGRID,0.025013456
TRENT,POWERGRID,0.889679403
ULTRACEMCO,POWERGRID,0.896448659
WIPRO,POWERGRID,0.808381261
ADANIENT,RELIANCE,0.848927867
ADANIPORTS,RELIANCE,0.89979351
APOLLOHOSP,RELIANCE,0.645385926
ASIANPAINT,RELIANCE,-0.221455517
AXISBANK,RELIANCE,0.649850408
BAJAJ-AUTO,RELIANCE,0.728359469
BAJAJFINSV,RELIANCE,0.042375282
BAJFINANCE,RELIANCE,-0.473331491
BEL,RELIANCE,0.723472192
BHARTIARTL,RELIANCE,0.5863838
BPCL,RELIANCE,0.832948779
BRITANNIA,RELIANCE,0.538830029
CIPLA,RELIANCE,0.755221677
COALINDIA,RELIANCE,0.881009119
DRREDDY,RELIANCE,0.728578241
EICHERMOT,RELIANCE,0.598326246
GRASIM,RELIANCE,0.675604271
HCLTECH,RELIANCE,0.444161267
HDFCBANK,RELIANCE,0.030631057
HDFCLIFE,RELIANCE,-0.084347347
HEROMOTOCO,RELIANCE,0.827731905
HINDALCO,RELIANCE,0.604286109
HINDUNILVR,RELIANCE,0.086710069
ICICIBANK,RELIANCE,0.611805608
INDUSINDBK,RELIANCE,0.109340947
INFY,RELIANCE,0.40757732
ITC,RELIANCE,0.082413613
JSWSTEEL,RELIANCE,0.518113112
KOTAKBANK,RELIANCE,0.074378582
LT,RELIANCE,0.791493033
M&M,RELIANCE,0.566659493
MARUTI,RELIANCE,0.740895495
NESTLEIND,RELIANCE,0.558056391
NTPC,RELIANCE,0.738417146
ONGC,RELIANCE,0.874650464
POWERGRID,RELIANCE,0.789771432
RELIANCE,RELIANCE,1.0
SBILIFE,RELIANCE,0.516430164
SBIN,RELIANCE,0.801227133
SHRIRAMFIN,RELIANCE,0.585816657
SUNPHARMA,RELIANCE,0.632156163
TATACONSUM,RELIANCE,0.889467196
TATAMOTORS,RELIANCE,0.937336375
TATASTEEL,RELIANCE,0.802608709
TCS,RELIANCE,0.719236266
TECHM,RELIANCE,0.390647897
TITAN,RELIANCE,0.357507705
TRENT,RELIANCE,0.535267584
ULTRACEMCO,RELIANCE,0.69007863
WIPRO,RELIANCE,0.666912788
ADANIENT,SBILIFE,0.379075848
ADANIPORTS,SBILIFE,0.681708919
APOLLOHOSP,SBILIFE,0.817297874
ASIANPAINT,SBILIFE,0.206655096
AXISBANK,SBILIFE,0.600854791
BAJAJ-AUTO,SBILIFE,0.821833059
BAJAJFINSV,SBILIFE,0.689048533
BAJFINANCE,SBILIFE,-0.154123357
BEL,SBILIFE,0.682444019
BHARTIARTL,SBILIFE,0.810911592
BPCL,SBILIFE,0.763766912
BRITANNIA,SBILIFE,0.861755505
CIPLA,SBILIFE,0.817531322
COALINDIA,SBILIFE,0.727951278
DRREDDY,SBILIFE,0.87024735
EICHERMOT,SBILIFE,0.69078576
GRASIM,SBILIFE,0.813189973
HCLTECH,SBILIFE,0.787022232
HDFCBANK,SBILIFE,0.533163197
HDFCLIFE,SBILIFE,0.744482885
HEROMOTOCO,SBILIFE,0.732863672
HINDALCO,SBILIFE,0.662237475
HINDUNILVR,SBILIFE,0.736500646
ICICIBANK,SBILIFE,0.793786942
INDUSINDBK,SBILIFE,-0.3112505
INFY,SBILIFE,0.88081598
ITC,SBILIFE,0.785546889
JSWSTEEL,SBILIFE,0.741767337
KOTAKBANK,SBILIFE,0.383502618
LT,SBILIFE,0.564155788
M&M,SBILIFE,0.732069464
MARUTI,SBILIFE,0.552587494
NESTLEIND,SBILIFE,0.283301999
NTPC,SBILIFE,0.818131482
ONGC,SBILIFE,0.745860948
POWERGRID,SBILIFE,0.751248737
RELIANCE,SBILIFE,0.516430164
SBILIFE,SBILIFE,1.0
SBIN,SBILIFE,0.581682127
SHRIRAMFIN,SBILIFE,0.896283824
SUNPHARMA,SBILIFE,0.856064915
TATACONSUM,SBILIFE,0.635984978
TATAMOTORS,SBILIFE,0.623171013
TATASTEEL,SBILIFE,0.364662601
TCS,SBILIFE,0.859776014
TECHM,SBILIFE,0.832956145
TITAN,SBILIFE,0.268693306
TRENT,SBILIFE,0.864597342
ULTRACEMCO,SBILIFE,0.808778126
WIPRO,SBILIFE,0.717687608
ADANIENT,SBIN,0.699864777
ADANIPORTS,SBIN,0.925260666
APOLLOHOSP,SBIN,0.739884961
ASIANPAINT,SBIN,-0.426789545
AXISBANK,SBIN,0.772675221
BAJAJ-AUTO,SBIN,0.851752907
BAJAJFINSV,SBIN,0.126642606
BAJFINANCE,SBIN,-0.517512809
BEL,SBIN,0.92534871
BHARTIARTL,SBIN,0.832021987
BPCL,SBIN,0.898237617
BRITANNIA,SBIN,0.642053057
CIPLA,SBIN,0.846457512
COALINDIA,SBIN,0.904911048
DRREDDY,SBIN,0.764081207
EICHERMOT,SBIN,0.867922601
GRASIM,SBIN,0.874564896
HCLTECH,SBIN,0.53737296
HDFCBANK,SBIN,0.320487702
HDFCLIFE,SBIN,0.113547986
HEROMOTOCO,SBIN,0.865972459
HINDALCO,SBIN,0.809466045
HINDUNILVR,SBIN,0.135469228
ICICIBANK,SBIN,0.866854189
INDUSINDBK,SBIN,-0.376949114
INFY,SBIN,0.503817297
ITC,SBIN,0.241965338
JSWSTEEL,SBIN,0.782661153
KOTAKBANK,SBIN,-0.09503467
LT,SBIN,0.740839799
M&M,SBIN,0.861852226
MARUTI,SBIN,0.841188988
NESTLEIND,SBIN,0.176412304
NTPC,SBIN,0.883668782
ONGC,SBIN,0.879564862
POWERGRID,SBIN,0.944568806
RELIANCE,SBIN,0.801227133
SBILIFE,SBIN,0.581682127
SBIN,SBIN,1.0
SHRIRAMFIN,SBIN,0.750346176
SUNPHARMA,SBIN,0.801678122
TATACONSUM,SBIN,0.641012401
TATAMOTORS,SBIN,0.841310716
TATASTEEL,SBIN,0.877169368
TCS,SBIN,0.722459028
TECHM,SBIN,0.644774977
TITAN,SBIN,-0.05378314
TRENT,SBIN,0.781845605
ULTRACEMCO,SBIN,0.783200385
WIPRO,SBIN,0.762064069
ADANIENT,SHRIRAMFIN,0.469427818
ADANIPORTS,SHRIRAMFIN,0.793996811
APOLLOHOSP,SHRIRAMFIN,0.900181696
ASIANPAINT,SHRIRAMFIN,-0.030135909
AXISBANK,SHRIRAMFIN,0.740759334
BAJAJ-AUTO,SHRIRAMFIN,0.937393352
BAJAJFINSV,SHRIRAMFIN,0.618333114
BAJFINANCE,SHRIRAMFIN,-0.204817706
BEL,SHRIRAMFIN,0.841850924
BHARTIARTL,SHRIRAMFIN,0.956799357
BPCL,SHRIRAMFIN,0.834703836
BRITANNIA,SHRIRAMFIN,0.884188
CIPLA,SHRIRAMFIN,0.907795386
COALINDIA,SHRIRAMFIN,0.807217661
DRREDDY,SHRIRAMFIN,0.854978507
EICHERMOT,SHRIRAMFIN,0.819345073
GRASIM,SHRIRAMFIN,0.915779824
HCLTECH,SHRIRAMFIN,0.81519963
HDFCBANK,SHRIRAMFIN,0.60592324
HDFCLIFE,SHRIRAMFIN,0.586347967
HEROMOTOCO,SHRIRAMFIN,0.852039582
HINDALCO,SHRIRAMFIN,0.838738911
HINDUNILVR,SHRIRAMFIN,0.594318083
ICICIBANK,SHRIRAMFIN,0.933821848
INDUSINDBK,SHRIRAMFIN,-0.456520387
INFY,SHRIRAMFIN,0.849351209
ITC,SHRIRAMFIN,0.684981138
JSWSTEEL,SHRIRAMFIN,0.894982428
KOTAKBANK,SHRIRAMFIN,0.284805858
LT,SHRIRAMFIN,0.637993146
M&M,SHRIRAMFIN,0.894278939
MARUTI,SHRIRAMFIN,0.642251852
NESTLEIND,SHRIRAMFIN,0.167348186
NTPC,SHRIRAMFIN,0.923251155
ONGC,SHRIRAMFIN,0.785279159
POWERGRID,SHRIRAMFIN,0.880593021
RELIANCE,SHRIRAMFIN,0.585816657
SBILIFE,SHRIRAMFIN,0.896283824
SBIN,SHRIRAMFIN,0.750346176
SHRIRAMFIN,SHRIRAMFIN,1.0
SUNPHARMA,SHRIRAMFIN,0.937271594
TATACONSUM,SHRIRAMFIN,0.599010434
TATAMOTORS,SHRIRAMFIN,0.65293497
TATASTEEL,SHRIRAMFIN,0.571257832
TCS,SHRIRAMFIN,0.819275529
TECHM,SHRIRAMFIN,0.914357436
TITAN,SHRIRAMFIN,0.122925456
TRENT,SHRIRAMFIN,0.97131819
ULTRACEMCO,SHRIRAMFIN,0.8893337
WIPRO,SHRIRAMFIN,0.826489227
ADANIENT,SUNPHARMA,0.555206053
ADANIPORTS,SUNPHARMA,0.833257692
APOLLOHOSP,SUNPHARMA,0.94802601
ASIANPAINT,SUNPHARMA,-0.210303635
AXISBANK,SUNPHARMA,0.62085434
BAJAJ-AUTO,SUNPHARMA,0.9455713
BAJAJFINSV,SUNPHARMA,0.518523118
BAJFINANCE,SUNPHARMA,-0.418315089
BEL,SUNPHARMA,0.804529726
BHARTIARTL,SUNPHARMA,0.932369597
BPCL,SUNPHARMA,0.909031035
BRITANNIA,SUNPHARMA,0.785200168
CIPLA,SUNPHARMA,0.934215085
COALINDIA,SUNPHARMA,0.83906309
DRREDDY,SUNPHARMA,0.880925178
EICHERMOT,SUNPHARMA,0.777550274
GRASIM,SUNPHARMA,0.874052874
HCLTECH,SUNPHARMA,0.872010719
HDFCBANK,SUNPHARMA,0.438075827
HDFCLIFE,SUNPHARMA,0.516044396
HEROMOTOCO,SUNPHARMA,0.832084524
HINDALCO,SUNPHARMA,0.777966958
HINDUNILVR,SUNPHARMA,0.410643532
ICICIBANK,SUNPHARMA,0.916250199
INDUSINDBK,SUNPHARMA,-0.512921855
INFY,SUNPHARMA,0.825532245
ITC,SUNPHARMA,0.562237584
JSWSTEEL,SUNPHARMA,0.843468524
KOTAKBANK,SUNPHARMA,0.141276608
LT,SUNPHARMA,0.685134337
M&M,SUNPHARMA,0.841184597
MARUTI,SUNPHARMA,0.682470604
NESTLEIND,SUNPHARMA,0.1345452
NTPC,SUNPHARMA,0.94143258
ONGC,SUNPHARMA,0.833258685
POWERGRID,SUNPHARMA,0.887741742
RELIANCE,SUNPHARMA,0.632156163
SBILIFE,SUNPHARMA,0.856064915
SBIN,SUNPHARMA,0.801678122
SHRIRAMFIN,SUNPHARMA,0.937271594
SUNPHARMA,SUNPHARMA,1.0
TATACONSUM,SUNPHARMA,0.647573051
TATAMOTORS,SUNPHARMA,0.727219685
TATASTEEL,SUNPHARMA,0.588875704
TCS,SUNPHARMA,0.868579266
TECHM,SUNPHARMA,0.86790562
TITAN,SUNPHARMA,0.160535156
TRENT,SUNPHARMA,0.94461964
ULTRACEMCO,SUNPHARMA,0.821376299
WIPRO,SUNPHARMA,0.87347178
ADANIENT,TATACONSUM,0.783298607
ADANIPORTS,TATACONSUM,0.823057279
APOLLOHOSP,TATACONSUM,0.668899112
ASIANPAINT,TATACONSUM,-0.005592685
AXISBANK,TATACONSUM,0.531075651
BAJAJ-AUTO,TATACONSUM,0.711379517
BAJAJFINSV,TATACONSUM,0.193070114
BAJFINANCE,TATACONSUM,-0.422036983
BEL,TATACONSUM,0.603617905
BHARTIARTL,TATACONSUM,0.552206871
BPCL,TATACONSUM,0.793083132
BRITANNIA,TATACONSUM,0.614076844
CIPLA,TATACONSUM,0.75418792
COALINDIA,TATACONSUM,0.823475516
DRREDDY,TATACONSUM,0.752279585
EICHERMOT,TATACONSUM,0.488714971
GRASIM,TATACONSUM,0.602998309
HCLTECH,TATACONSUM,0.544279617
HDFCBANK,TATACONSUM,0.030812044
HDFCLIFE,TATACONSUM,0.072266408
HEROMOTOCO,TATACONSUM,0.777315565
HINDALCO,TATACONSUM,0.521039157
HINDUNILVR,TATACONSUM,0.285253158
ICICIBANK,TATACONSUM,0.53665974
INDUSINDBK,TATACONSUM,0.189329351
INFY,TATACONSUM,0.541316228
ITC,TATACONSUM,0.273792821
JSWSTEEL,TATACONSUM,0.45175617
KOTAKBANK,TATACONSUM,0.199354376
LT,TATACONSUM,0.756794319
M&M,TATACONSUM,0.478365608
MARUTI,TATACONSUM,0.603209603
NESTLEIND,TATACONSUM,0.656224323
NTPC,TATACONSUM,0.716162266
ONGC,TATACONSUM,0.836656087
POWERGRID,TATACONSUM,0.704487532
RELIANCE,TATACONSUM,0.889467196
SBILIFE,TATACONSUM,0.635984978
SBIN,TATACONSUM,0.641012401
SHRIRAMFIN,TATACONSUM,0.599010434
SUNPHARMA,TATACONSUM,0.647573051
TATACONSUM,TATACONSUM,1.0
TATAMOTORS,TATACONSUM,0.885994346
TATASTEEL,TATACONSUM,0.603493248
TCS,TATACONSUM,0.79310891
TECHM,TATACONSUM,0.418596417
TITAN,TATACONSUM,0.556552309
TRENT,TATACONSUM,0.528744712
ULTRACEMCO,TATACONSUM,0.669300898
WIPRO,TATACONSUM,0.640449537
ADANIENT,TATAMOTORS,0.783964958
ADANIPORTS,TATAMOTORS,0.91652255
APOLLOHOSP,TATAMOTORS,0.687952257
ASIANPAINT,TATAMOTORS,-0.247490702
AXISBANK,TATAMOTORS,0.596831035
BAJAJ-AUTO,TATAMOTORS,0.786309113
BAJAJFINSV,TATAMOTORS,0.088077096
BAJFINANCE,TATAMOTORS,-0.532979983
BEL,TATAMOTORS,0.761130847
BHARTIARTL,TATAMOTORS,0.662700308
BPCL,TATAMOTORS,0.89728105
BRITANNIA,TATAMOTORS,0.57843503
CIPLA,TATAMOTORS,0.81191877
COALINDIA,TATAMOTORS,0.927976699
DRREDDY,TATAMOTORS,0.810621715
EICHERMOT,TATAMOTORS,0.67552826
GRASIM,TATAMOTORS,0.73639836
HCLTECH,TATAMOTORS,0.486105648
HDFCBANK,TATAMOTORS,0.061323944
HDFCLIFE,TATAMOTORS,0.061970927
HEROMOTOCO,TATAMOTORS,0.828669855
HINDALCO,TATAMOTORS,0.638470762
HINDUNILVR,TATAMOTORS,0.137444669
ICICIBANK,TATAMOTORS,0.666411673
INDUSINDBK,TATAMOTORS,-0.007669223
INFY,TATAMOTORS,0.470475654
ITC,TATAMOTORS,0.20347986
JSWSTEEL,TATAMOTORS,0.564040259
KOTAKBANK,TATAMOTORS,-0.015144515
LT,TATAMOTORS,0.780123971
M&M,TATAMOTORS,0.637988848
MARUTI,TATAMOTORS,0.8213185
NESTLEIND,TATAMOTORS,0.467614819
NTPC,TATAMOTORS,0.804503938
ONGC,TATAMOTORS,0.942633543
POWERGRID,TATAMOTORS,0.839872002
RELIANCE,TATAMOTORS,0.937336375
SBILIFE,TATAMOTORS,0.623171013
SBIN,TATAMOTORS,0.841310716
SHRIRAMFIN,TATAMOTORS,0.65293497
SUNPHARMA,TATAMOTORS,0.727219685
TATACONSUM,TATAMOTORS,0.885994346
TATAMOTORS,TATAMOTORS,1.0
TATASTEEL,TATAMOTORS,0.799797936
TCS,TATAMOTORS,0.789968959
TECHM,TATAMOTORS,0.466259803
TITAN,TATAMOTORS,0.300500766
TRENT,TATAMOTORS,0.625529128
ULTRACEMCO,TATAMOTORS,0.696323554
WIPRO,TATAMOTORS,0.651148631
ADANIENT,TATASTEEL,0.732032711
ADANIPORTS,TATASTEEL,0.834255271
APOLLOHOSP,TATASTEEL,0.520928616
ASIANPAINT,TATASTEEL,-0.35743332
AXISBANK,TATASTEEL,0.709667924
BAJAJ-AUTO,TATASTEEL,0.745495897
BAJAJFINSV,TATASTEEL,0.066393742
BAJFINANCE,TATASTEEL,-0.336864523
BEL,TATASTEEL,0.811677038
BHARTIARTL,TATASTEEL,0.673596683
BPCL,TATASTEEL,0.767670644
BRITANNIA,TATASTEEL,0.51148033
CIPLA,TATASTEEL,0.698085296
COALINDIA,TATASTEEL,0.820365239
DRREDDY,TATASTEEL,0.546589294
EICHERMOT,TATASTEEL,0.763391268
GRASIM,TATASTEEL,0.719675423
HCLTECH,TATASTEEL,0.253923127
HDFCBANK,TATASTEEL,0.19954347
HDFCLIFE,TATASTEEL,-0.13537322
HEROMOTOCO,TATASTEEL,0.806488828
HINDALCO,TATASTEEL,0.774772774
HINDUNILVR,TATASTEEL,-0.006037981
ICICIBANK,TATASTEEL,0.672481243
INDUSINDBK,TATASTEEL,-0.066145839
INFY,TATASTEEL,0.205790959
ITC,TATASTEEL,0.046823906
JSWSTEEL,TATASTEEL,0.685716731
KOTAKBANK,TATASTEEL,-0.075619608
LT,TATASTEEL,0.712208253
M&M,TATASTEEL,0.73561981
MARUTI,TATASTEEL,0.875749945
NESTLEIND,TATASTEEL,0.346898788
NTPC,TATASTEEL,0.739565473
ONGC,TATASTEEL,0.737686801
POWERGRID,TATASTEEL,0.810027875
RELIANCE,TATASTEEL,0.802608709
SBILIFE,TATASTEEL,0.364662601
SBIN,TATASTEEL,0.877169368
SHRIRAMFIN,TATASTEEL,0.571257832
SUNPHARMA,TATASTEEL,0.588875704
TATACONSUM,TATASTEEL,0.603493248
TATAMOTORS,TATASTEEL,0.799797936
TATASTEEL,TATASTEEL,1.0
TCS,TATASTEEL,0.491245847
TECHM,TATASTEEL,0.377693945
TITAN,TATASTEEL,0.053903293
TRENT,TATASTEEL,0.585535875
ULTRACEMCO,TATASTEEL,0.634445807
WIPRO,TATASTEEL,0.522524136
ADANIENT,TCS,0.601374844
ADANIPORTS,TCS,0.81748244
APOLLOHOSP,TCS,0.861909553
ASIANPAINT,TCS,-0.038384118
AXISBANK,TCS,0.59647136
BAJAJ-AUTO,TCS,0.82260546
BAJAJFINSV,TCS,0.416617984
BAJFINANCE,TCS,-0.415927978
BEL,TCS,0.723380717
BHARTIARTL,TCS,0.766584015
BPCL,TCS,0.860350367
BRITANNIA,TCS,0.752601678
CIPLA,TCS,0.860713068
COALINDIA,TCS,0.819595812
DRREDDY,TCS,0.906411251
EICHERMOT,TCS,0.670131039
GRASIM,TCS,0.795975931
HCLTECH,TCS,0.826595423
HDFCBANK,TCS,0.334125907
HDFCLIFE,TCS,0.468249305
HEROMOTOCO,TCS,0.796915181
HINDALCO,TCS,0.639324744
HINDUNILVR,TCS,0.481896493
ICICIBANK,TCS,0.781504563
INDUSINDBK,TCS,-0.289134221
INFY,TCS,0.864139593
ITC,TCS,0.563023301
JSWSTEEL,TCS,0.686431124
KOTAKBANK,TCS,0.214349107
LT,TCS,0.70167877
M&M,TCS,0.689338738
MARUTI,TCS,0.573662718
NESTLEIND,TCS,0.289927073
NTPC,TCS,0.845443597
ONGC,TCS,0.862391477
POWERGRID,TCS,0.811547205
RELIANCE,TCS,0.719236266
SBILIFE,TCS,0.859776014
SBIN,TCS,0.722459028
SHRIRAMFIN,TCS,0.819275529
SUNPHARMA,TCS,0.868579266
TATACONSUM,TCS,0.79310891
TATAMOTORS,TCS,0.789968959
TATASTEEL,TCS,0.491245847
TCS,TCS,1.0
TECHM,TCS,0.791798197
TITAN,TCS,0.316745891
TRENT,TCS,0.796344503
ULTRACEMCO,TCS,0.811864857
WIPRO,TCS,0.857554817
ADANIENT,TECHM,0.306188359
ADANIPORTS,TECHM,0.659344436
APOLLOHOSP,TECHM,0.849916588
ASIANPAINT,TECHM,-0.030904543
AXISBANK,TECHM,0.681483065
BAJAJ-AUTO,TECHM,0.801832202
BAJAJFINSV,TECHM,0.564844058
BAJFINANCE,TECHM,-0.219030096
BEL,TECHM,0.77700371
BHARTIARTL,TECHM,0.89626086
BPCL,TECHM,0.697471497
BRITANNIA,TECHM,0.840976719
CIPLA,TECHM,0.791208913
COALINDIA,TECHM,0.659776551
DRREDDY,TECHM,0.783606567
EICHERMOT,TECHM,0.766645039
GRASIM,TECHM,0.857916564
HCLTECH,TECHM,0.852373526
HDFCBANK,TECHM,0.691346391
HDFCLIFE,TECHM,0.688322765
HEROMOTOCO,TECHM,0.733193125
HINDALCO,TECHM,0.7714677
HINDUNILVR,TECHM,0.631278741
ICICIBANK,TECHM,0.886507777
INDUSINDBK,TECHM,-0.637399035
INFY,TECHM,0.920674543
ITC,TECHM,0.756250672
JSWSTEEL,TECHM,0.858026629
KOTAKBANK,TECHM,0.298784328
LT,TECHM,0.522417787
M&M,TECHM,0.845474804
MARUTI,TECHM,0.423016426
NESTLEIND,TECHM,-0.058405774
NTPC,TECHM,0.827516844
ONGC,TECHM,0.653911757
POWERGRID,TECHM,0.779737434
RELIANCE,TECHM,0.390647897
SBILIFE,TECHM,0.832956145
SBIN,TECHM,0.644774977
SHRIRAMFIN,TECHM,0.914357436
SUNPHARMA,TECHM,0.86790562
TATACONSUM,TECHM,0.418596417
TATAMOTORS,TECHM,0.466259803
TATASTEEL,TECHM,0.377693945
TCS,TECHM,0.791798197
TECHM,TECHM,1.0
TITAN,TECHM,-0.023216825
TRENT,TECHM,0.927882242
ULTRACEMCO,TECHM,0.853690087
WIPRO,TECHM,0.840164626
ADANIENT,TITAN,0.457117997
ADANIPORTS,TITAN,0.215162398
APOLLOHOSP,TITAN,0.26891992
ASIANPAINT,TITAN,0.370941672
AXISBANK,TITAN,0.002642902
BAJAJ-AUTO,TITAN,0.199710408
BAJAJFINSV,TITAN,0.357228675
BAJFINANCE,TITAN,0.038963067
BEL,TITAN,-0.093156266
BHARTIARTL,TITAN,-0.009407435
BPCL,TITAN,0.235149206
BRITANNIA,TITAN,0.129958865
CIPLA,TITAN,0.193035494
COALINDIA,TITAN,0.174755879
DRREDDY,TITAN,0.171929476
EICHERMOT,TITAN,-0.112314599
GRASIM,TITAN,-0.033242478
HCLTECH,TITAN,0.305584875
HDFCBANK,TITAN,-0.095771242
HDFCLIFE,TITAN,0.051089431
HEROMOTOCO,TITAN,0.200300446
HINDALCO,TITAN,-0.011418768
HINDUNILVR,TITAN,0.092648812
ICICIBANK,TITAN,-0.03034473
INDUSINDBK,TITAN,0.558337575
INFY,TITAN,0.192592201
ITC,TITAN,0.086942432
JSWSTEEL,TITAN,0.025733946
KOTAKBANK,TITAN,0.38587831
LT,TITAN,0.462555589
M&M,TITAN,-0.156013621
MARUTI,TITAN,0.020748644
NESTLEIND,TITAN,0.64440605
NTPC,TITAN,0.164337491
ONGC,TITAN,0.15830976
POWERGRID,TITAN,0.025013456
RELIANCE,TITAN,0.357507705
SBILIFE,TITAN,0.268693306
SBIN,TITAN,-0.05378314
SHRIRAMFIN,TITAN,0.122925456
SUNPHARMA,TITAN,0.160535156
TATACONSUM,TITAN,0.556552309
TATAMOTORS,TITAN,0.300500766
TATASTEEL,TITAN,0.053903293
TCS,TITAN,0.316745891
TECHM,TITAN,-0.023216825
TITAN,TITAN,1.0
TRENT,TITAN,0.013207079
ULTRACEMCO,TITAN,0.153660897
WIPRO,TITAN,0.192293281
ADANIENT,TRENT,0.436790278
ADANIPORTS,TRENT,0.779358348
APOLLOHOSP,TRENT,0.877633029
ASIANPAINT,TRENT,-0.09311834
AXISBANK,TRENT,0.735466314
BAJAJ-AUTO,TRENT,0.936382715
BAJAJFINSV,TRENT,0.575921467
BAJFINANCE,TRENT,-0.267962633
BEL,TRENT,0.863241918
BHARTIARTL,TRENT,0.976263678
BPCL,TRENT,0.838312551
BRITANNIA,TRENT,0.867508968
CIPLA,TRENT,0.896753906
COALINDIA,TRENT,0.804774286
DRREDDY,TRENT,0.828723832
EICHERMOT,TRENT,0.864714633
GRASIM,TRENT,0.924735868
HCLTECH,TRENT,0.796656638
HDFCBANK,TRENT,0.615799872
HDFCLIFE,TRENT,0.586530231
HEROMOTOCO,TRENT,0.842414092
HINDALCO,TRENT,0.871178042
HINDUNILVR,TRENT,0.558373789
ICICIBANK,TRENT,0.947748577
INDUSINDBK,TRENT,-0.554516323
INFY,TRENT,0.823632858
ITC,TRENT,0.670534447
JSWSTEEL,TRENT,0.922285849
KOTAKBANK,TRENT,0.208677671
LT,TRENT,0.599817182
M&M,TRENT,0.929331671
MARUTI,TRENT,0.661379684
NESTLEIND,TRENT,0.081062924
NTPC,TRENT,0.925323173
ONGC,TRENT,0.766838062
POWERGRID,TRENT,0.889679403
RELIANCE,TRENT,0.535267584
SBILIFE,TRENT,0.864597342
SBIN,TRENT,0.781845605
SHRIRAMFIN,TRENT,0.97131819
SUNPHARMA,TRENT,0.94461964
TATACONSUM,TRENT,0.528744712
TATAMOTORS,TRENT,0.625529128
TATASTEEL,TRENT,0.585535875
TCS,TRENT,0.796344503
TECHM,TRENT,0.927882242
TITAN,TRENT,0.013207079
TRENT,TRENT,1.0
ULTRACEMCO,TRENT,0.866210966
WIPRO,TRENT,0.813491595
ADANIENT,ULTRACEMCO,0.590462071
ADANIPORTS,ULTRACEMCO,0.855520935
APOLLOHOSP,ULTRACEMCO,0.830026973
ASIANPAINT,ULTRACEMCO,0.017379065
AXISBANK,ULTRACEMCO,0.867693854
BAJAJ-AUTO,ULTRACEMCO,0.860869141
BAJAJFINSV,ULTRACEMCO,0.448904636
BAJFINANCE,ULTRACEMCO,-0.261171636
BEL,ULTRACEMCO,0.894776831
BHARTIARTL,ULTRACEMCO,0.869262957
BPCL,ULTRACEMCO,0.805300035
BRITANNIA,ULTRACEMCO,0.903761391
CIPLA,ULTRACEMCO,0.853315898
COALINDIA,ULTRACEMCO,0.833210413
DRREDDY,ULTRACEMCO,0.834741711
EICHERMOT,ULTRACEMCO,0.844360372
GRASIM,ULTRACEMCO,0.92099795
HCLTECH,ULTRACEMCO,0.728888949
HDFCBANK,ULTRACEMCO,0.652275113
HDFCLIFE,ULTRACEMCO,0.476096302
HEROMOTOCO,ULTRACEMCO,0.901778733
HINDALCO,ULTRACEMCO,0.853077177
HINDUNILVR,ULTRACEMCO,0.585902418
ICICIBANK,ULTRACEMCO,0.885231971
INDUSINDBK,ULTRACEMCO,-0.316750603
INFY,ULTRACEMCO,0.796839008
ITC,ULTRACEMCO,0.632236099
JSWSTEEL,ULTRACEMCO,0.877394065
KOTAKBANK,ULTRACEMCO,0.38982708
LT,ULTRACEMCO,0.746006406
M&M,ULTRACEMCO,0.870364115
MARUTI,ULTRACEMCO,0.588169422
NESTLEIND,ULTRACEMCO,0.321907048
NTPC,ULTRACEMCO,0.901947341
ONGC,ULTRACEMCO,0.797086019
POWERGRID,ULTRACEMCO,0.896448659
RELIANCE,ULTRACEMCO,0.69007863
SBILIFE,ULTRACEMCO,0.808778126
SBIN,ULTRACEMCO,0.783200385
SHRIRAMFIN,ULTRACEMCO,0.8893337
SUNPHARMA,ULTRACEMCO,0.821376299
TATACONSUM,ULTRACEMCO,0.669300898
TATAMOTORS,ULTRACEMCO,0.696323554
TATASTEEL,ULTRACEMCO,0.634445807
TCS,ULTRACEMCO,0.811864857
TECHM,ULTRACEMCO,0.853690087
TITAN,ULTRACEMCO,0.153660897
TRENT,ULTRACEMCO,0.866210966
ULTRACEMCO,ULTRACEMCO,1.0
WIPRO,ULTRACEMCO,0.83469238
ADANIENT,WIPRO,0.609773991
ADANIPORTS,WIPRO,0.798804124
APOLLOHOSP,WIPRO,0.906900067
ASIANPAINT,WIPRO,-0.230921469
AXISBANK,WIPRO,0.674542527
BAJAJ-AUTO,WIPRO,0.816422691
BAJAJFINSV,WIPRO,0.383862096
BAJFINANCE,WIPRO,-0.43476574
BEL,WIPRO,0.751017121
BHARTIARTL,WIPRO,0.802270121
BPCL,WIPRO,0.807165248
BRITANNIA,WIPRO,0.70394274
CIPLA,WIPRO,0.839150032
COALINDIA,WIPRO,0.745855108
DRREDDY,WIPRO,0.82061188
EICHERMOT,WIPRO,0.66356959
GRASIM,WIPRO,0.795564733
HCLTECH,WIPRO,0.898324042
HDFCBANK,WIPRO,0.444201893
HDFCLIFE,WIPRO,0.388382053
HEROMOTOCO,WIPRO,0.789781694
HINDALCO,WIPRO,0.678849954
HINDUNILVR,WIPRO,0.334676529
ICICIBANK,WIPRO,0.84579577
INDUSINDBK,WIPRO,-0.453052743
INFY,WIPRO,0.828120543
ITC,WIPRO,0.421018203
JSWSTEEL,WIPRO,0.764597377
KOTAKBANK,WIPRO,0.226876508
LT,WIPRO,0.704511892
M&M,WIPRO,0.734346433
MARUTI,WIPRO,0.478499138
NESTLEIND,WIPRO,0.175822267
NTPC,WIPRO,0.838702154
ONGC,WIPRO,0.747549424
POWERGRID,WIPRO,0.808381261
RELIANCE,WIPRO,0.666912788
SBILIFE,WIPRO,0.717687608
SBIN,WIPRO,0.762064069
SHRIRAMFIN,WIPRO,0.826489227
SUNPHARMA,WIPRO,0.87347178
TATACONSUM,WIPRO,0.640449537
TATAMOTORS,WIPRO,0.651148631
TATASTEEL,WIPRO,0.522524136
TCS,WIPRO,0.857554817
TECHM,WIPRO,0.840164626
TITAN,WIPRO,0.192293281
TRENT,WIPRO,0.813491595
ULTRACEMCO,WIPRO,0.83469238
WIPRO,WIPRO,1.0
